algorithm,n,height,time
FFDH,10,3.3916,7.5e-06
NFDH,10,3.91305,1.9e-06
SF,10,3.3916,9.5e-06
FFDH,20,7.70801,1.1e-05
NFDH,20,8.47498,3e-06
SF,20,8.4615,1.53e-05
FFDH,30,8.21478,1.71e-05
NFDH,30,9.83002,3.7e-06
SF,30,8.98443,2.06e-05
FFDH,40,12.7571,1.99e-05
NFDH,40,15.4285,5.4e-06
SF,40,13.0259,3.01e-05
FFDH,50,12.3614,2.32e-05
NFDH,50,13.1754,5.9e-06
SF,50,12.6075,3.42e-05
FFDH,60,16.745,2.75e-05
NFDH,60,20.255,6.5e-06
SF,60,16.5556,3.52e-05
FFDH,70,18.2144,3.56e-05
NFDH,70,22.1867,7.7e-06
SF,70,20.0008,4.21e-05
FFDH,80,23.3134,4e-05
NFDH,80,26.3284,9.2e-06
SF,80,22.4283,4.82e-05
FFDH,90,27.9146,4.42e-05
NFDH,90,31.7131,9.8e-06
SF,90,28.6758,5.14e-05
FFDH,100,27.111,3.77e-05
NFDH,100,31.5748,8.1e-06
SF,100,27.3221,4.33e-05
FFDH,110,31.2701,4.14e-05
NFDH,110,39.4833,8.4e-06
SF,110,34.062,4.92e-05
FFDH,120,37.3031,4.73e-05
NFDH,120,44.1172,9.1e-06
SF,120,39.8889,5.18e-05
FFDH,130,35.152,5.64e-05
NFDH,130,44.4408,1.3e-05
SF,130,36.3707,5.91e-05
FFDH,140,39.4647,5.54e-05
NFDH,140,46.9892,1.1e-05
SF,140,40.953,6.44e-05
FFDH,150,47.1622,6.44e-05
NFDH,150,56.9181,1.94e-05
SF,150,50.2173,0.0001207
FFDH,160,38.8688,0.000117
NFDH,160,46.8415,2.55e-05
SF,160,40.6617,0.0001268
FFDH,170,49.1632,0.0001108
NFDH,170,58.2366,2.22e-05
SF,170,51.8138,0.00012
FFDH,180,49.1685,0.0001203
NFDH,180,58.0002,2.34e-05
SF,180,53.991,0.0001294
FFDH,190,47.377,0.0001151
NFDH,190,57.7133,2.42e-05
SF,190,50.9528,9.6e-05
FFDH,200,52.8636,7.82e-05
NFDH,200,64.9418,1.46e-05
SF,200,58.2177,9.43e-05
FFDH,210,61.5957,8.22e-05
NFDH,210,72.9166,1.46e-05
SF,210,67.8606,8.49e-05
FFDH,220,60.9649,8.17e-05
NFDH,220,74.0877,1.49e-05
SF,220,64.4406,8.46e-05
FFDH,230,56.5777,8.76e-05
NFDH,230,68.1823,1.61e-05
SF,230,62.7452,8.85e-05
FFDH,240,76.8945,0.0001041
NFDH,240,85.6826,1.85e-05
SF,240,82.3249,0.0001105
FFDH,250,79.6537,0.0001189
NFDH,250,95.7058,1.7e-05
SF,250,83.5839,0.0001087
FFDH,260,66.5416,0.0001126
NFDH,260,82.305,2.1e-05
SF,260,71.1107,0.0001097
FFDH,270,85.7824,0.0001241
NFDH,270,101.78,2.11e-05
SF,270,91.7861,0.0001243
FFDH,280,71.6479,0.0001257
NFDH,280,87.6591,2.2e-05
SF,280,77.1471,0.0001199
FFDH,290,84.155,0.0001376
NFDH,290,99.1117,2.3e-05
SF,290,89.1078,0.0001343
FFDH,300,78.5352,0.0001377
NFDH,300,96.0004,2.57e-05
SF,300,83.1054,0.0001293
FFDH,310,85.8564,0.0001424
NFDH,310,108.021,2.65e-05
SF,310,92.4934,0.0001389
FFDH,320,90.2187,0.0001625
NFDH,320,111.196,3.04e-05
SF,320,96.8812,0.0001413
FFDH,330,87.2769,0.0001543
NFDH,330,106.646,2.86e-05
SF,330,94.4272,0.000148
FFDH,340,88.3924,0.000158
NFDH,340,107.51,2.79e-05
SF,340,95.0347,0.0001543
FFDH,350,89.7545,0.0001665
NFDH,350,113.861,2.93e-05
SF,350,96.452,0.0001576
FFDH,360,97.7421,0.0001779
NFDH,360,122.984,2.93e-05
SF,360,108.285,0.0001647
FFDH,370,96.9326,0.0002049
NFDH,370,117.486,3.08e-05
SF,370,101.571,0.0001879
FFDH,380,93.0996,0.0002145
NFDH,380,115.401,3.05e-05
SF,380,101.424,0.0002199
FFDH,390,109.653,0.000189
NFDH,390,132.848,3.23e-05
SF,390,118.165,0.0001694
FFDH,400,99.6602,0.0001895
NFDH,400,123.091,3.19e-05
SF,400,104.004,0.0001748
FFDH,410,113.414,0.0002018
NFDH,410,139.44,3.3e-05
SF,410,124.453,0.0001865
FFDH,420,109.12,0.0002128
NFDH,420,134.566,3.22e-05
SF,420,118.078,0.000191
FFDH,430,120.682,0.000217
NFDH,430,145.498,3.5e-05
SF,430,131.315,0.0002145
FFDH,440,119.477,0.0002379
NFDH,440,148.135,3.15e-05
SF,440,128.628,0.0002188
FFDH,450,119.283,0.0002371
NFDH,450,144.136,3.24e-05
SF,450,130.398,0.0002261
FFDH,460,133.992,0.0002471
NFDH,460,167.522,3.42e-05
SF,460,144.93,0.0002286
FFDH,470,126.529,0.000276
NFDH,470,155.184,3.61e-05
SF,470,138.099,0.0004102
FFDH,480,130.957,0.0002718
NFDH,480,162.266,3.65e-05
SF,480,141.031,0.0002449
FFDH,490,132.769,0.0002928
NFDH,490,165.712,3.76e-05
SF,490,145.409,0.0002651
FFDH,500,129.786,0.0002992
NFDH,500,160.797,3.91e-05
SF,500,142.281,0.0002539
FFDH,510,127.52,0.0002888
NFDH,510,158.731,4e-05
SF,510,137.955,0.0002495
FFDH,520,142.229,0.0003227
NFDH,520,177.505,4.5e-05
SF,520,154.568,0.0003334
FFDH,530,142.594,0.0003179
NFDH,530,174.953,4.68e-05
SF,530,153.528,0.0002953
FFDH,540,142.062,0.000342
NFDH,540,174.723,4.6e-05
SF,540,154.489,0.0003093
FFDH,550,151.186,0.0003444
NFDH,550,189.846,4.54e-05
SF,550,162.505,0.0003099
FFDH,560,159.253,0.0003554
NFDH,560,197.585,4.98e-05
SF,560,169.566,0.0003235
FFDH,570,154.462,0.0003537
NFDH,570,191.389,5.19e-05
SF,570,168.72,0.0003362
FFDH,580,158.269,0.0003678
NFDH,580,193.715,5.26e-05
SF,580,168.723,0.0003256
FFDH,590,157.07,0.0003857
NFDH,590,191.353,5.21e-05
SF,590,170.073,0.0003498
FFDH,600,157.253,0.0003914
NFDH,600,195.036,5.43e-05
SF,600,169.262,0.0004343
FFDH,610,161.168,0.0004639
NFDH,610,199.644,5.9e-05
SF,610,176.207,0.0003639
FFDH,620,177.552,0.0004094
NFDH,620,222.479,5.71e-05
SF,620,193.907,0.0003723
FFDH,630,165.97,0.0004001
NFDH,630,211.342,5.95e-05
SF,630,181.95,0.0003504
FFDH,640,158.652,0.0004081
NFDH,640,198.003,8.35e-05
SF,640,168.855,0.000348
FFDH,650,172.222,0.0004646
NFDH,650,211.859,5.93e-05
SF,650,189.585,0.0003778
FFDH,660,180.606,0.0004579
NFDH,660,222.597,5.82e-05
SF,660,197.109,0.0004079
FFDH,670,176.042,0.0004576
NFDH,670,217.522,6.16e-05
SF,670,188.796,0.0003891
FFDH,680,178.133,0.0004686
NFDH,680,222.959,6.07e-05
SF,680,194.415,0.0003972
FFDH,690,181.939,0.0004777
NFDH,690,229.745,6.1e-05
SF,690,200.376,0.0004118
FFDH,700,187.487,0.000511
NFDH,700,233.133,6.26e-05
SF,700,205.296,0.0004183
FFDH,710,203.473,0.0005002
NFDH,710,250.31,6.33e-05
SF,710,220.743,0.0004298
FFDH,720,189.688,0.0005028
NFDH,720,237.95,6.36e-05
SF,720,207.261,0.0004369
FFDH,730,191.708,0.0005073
NFDH,730,237.717,6.48e-05
SF,730,205.427,0.0004455
FFDH,740,198.545,0.0005893
NFDH,740,250.812,6.41e-05
SF,740,213.183,0.0004507
FFDH,750,204.277,0.000543
NFDH,750,254.52,6.39e-05
SF,750,218.906,0.0005028
FFDH,760,213.914,0.0005657
NFDH,760,265.273,6.37e-05
SF,760,235.815,0.0004518
FFDH,770,207.007,0.0005482
NFDH,770,257.968,6.44e-05
SF,770,222.783,0.0004609
FFDH,780,208.059,0.0005464
NFDH,780,260.452,6.44e-05
SF,780,228.93,0.0004716
FFDH,790,215.425,0.0005666
NFDH,790,265.158,6.72e-05
SF,790,233.113,0.0004827
FFDH,800,232.016,0.0006194
NFDH,800,284.481,6.67e-05
SF,800,254.94,0.0006143
FFDH,810,217.189,0.0005906
NFDH,810,265.895,6.65e-05
SF,810,237.192,0.000496
FFDH,820,221.641,0.0006225
NFDH,820,271.358,7.87e-05
SF,820,239.793,0.0005435
FFDH,830,218.04,0.0006161
NFDH,830,271.831,7.11e-05
SF,830,239.239,0.000519
FFDH,840,225.738,0.0006493
NFDH,840,277.136,7.03e-05
SF,840,247.651,0.0005476
FFDH,850,223.167,0.0007498
NFDH,850,278.121,7.43e-05
SF,850,245.544,0.0005407
FFDH,860,228.495,0.000635
NFDH,860,290.219,6.85e-05
SF,860,253.213,0.0005213
FFDH,870,225.965,0.0006403
NFDH,870,281.799,0.0001293
SF,870,245.99,0.0005556
FFDH,880,241.508,0.0007226
NFDH,880,302.786,7.54e-05
SF,880,264.975,0.0005904
FFDH,890,234.594,0.0006755
NFDH,890,292.833,7.46e-05
SF,890,256.725,0.0005999
FFDH,900,241.855,0.0007378
NFDH,900,305.873,7.55e-05
SF,900,267.102,0.0006079
FFDH,910,232.075,0.0007077
NFDH,910,286.789,7.41e-05
SF,910,250.55,0.0005779
FFDH,920,233.545,0.0007326
NFDH,920,295.384,7.64e-05
SF,920,252.787,0.0006182
FFDH,930,246.933,0.0007802
NFDH,930,306.849,7.69e-05
SF,930,269.954,0.000628
FFDH,940,250.924,0.0007788
NFDH,940,313.263,7.82e-05
SF,940,273.741,0.0006397
FFDH,950,266.834,0.0007974
NFDH,950,330.378,7.84e-05
SF,950,292.367,0.000648
FFDH,960,245.921,0.0008284
NFDH,960,316.456,7.8e-05
SF,960,269.062,0.0006276
FFDH,970,260.79,0.0008778
NFDH,970,329.331,8.5e-05
SF,970,286.505,0.0007136
FFDH,980,257.501,0.0008463
NFDH,980,323.373,9.65e-05
SF,980,278.441,0.0006659
FFDH,990,259.896,0.0008672
NFDH,990,322.885,8.02e-05
SF,990,280.213,0.0006671
FFDH,1000,273.653,0.0008615
NFDH,1000,340.299,8.14e-05
SF,1000,298.727,0.0006835
FFDH,1010,261.399,0.0008692
NFDH,1010,327.126,8.42e-05
SF,1010,286.914,0.0007139
FFDH,1020,285.516,0.0009299
NFDH,1020,357.327,8.99e-05
SF,1020,315.153,0.0007774
FFDH,1030,272.331,0.0008709
NFDH,1030,336.572,9.68e-05
SF,1030,299.195,0.0007176
FFDH,1040,265.44,0.0008912
NFDH,1040,336.927,9.49e-05
SF,1040,289.946,0.0006812
FFDH,1050,283.215,0.0009221
NFDH,1050,356.816,9.56e-05
SF,1050,314.108,0.0008364
FFDH,1060,292.315,0.0009934
NFDH,1060,370.664,9.55e-05
SF,1060,320.341,0.000766
FFDH,1070,275.385,0.0009758
NFDH,1070,349.092,9.5e-05
SF,1070,302.214,0.0007604
FFDH,1080,297.625,0.0009942
NFDH,1080,376.867,9.59e-05
SF,1080,325.879,0.0007771
FFDH,1090,277.553,0.0009727
NFDH,1090,347.862,9.3e-05
SF,1090,306.984,0.0007725
FFDH,1100,302.324,0.0009908
NFDH,1100,374.613,0.0001001
SF,1100,330.536,0.0008171
FFDH,1110,287.081,0.001008
NFDH,1110,364.429,9.78e-05
SF,1110,320.882,0.0007745
FFDH,1120,291.274,0.0010511
NFDH,1120,358.273,9.69e-05
SF,1120,317.287,0.0008426
FFDH,1130,304.976,0.0010441
NFDH,1130,383.56,9.64e-05
SF,1130,337.82,0.0008557
FFDH,1140,298.717,0.0010693
NFDH,1140,373.295,0.000102
SF,1140,333.101,0.0008617
FFDH,1150,318.277,0.0010861
NFDH,1150,401.235,0.0001044
SF,1150,352.152,0.0008804
FFDH,1160,302.141,0.0010695
NFDH,1160,385.826,0.0001029
SF,1160,334.076,0.0008765
FFDH,1170,314.817,0.0011011
NFDH,1170,391.818,0.0001052
SF,1170,345.653,0.0008843
FFDH,1180,306.04,0.0011085
NFDH,1180,389.731,0.0001071
SF,1180,335.478,0.0008938
FFDH,1190,314.109,0.00112
NFDH,1190,398.149,0.0001122
SF,1190,351.935,0.0010993
FFDH,1200,325.822,0.0011894
NFDH,1200,402.532,0.0001126
SF,1200,351.338,0.0009726
FFDH,1210,308.415,0.0019201
NFDH,1210,389.538,0.0001209
SF,1210,336.44,0.0009049
FFDH,1220,313.814,0.0012178
NFDH,1220,394.037,0.0001181
SF,1220,347.166,0.0009658
FFDH,1230,337.636,0.0011784
NFDH,1230,424.5,0.0001194
SF,1230,375.576,0.0009754
FFDH,1240,330.78,0.0011838
NFDH,1240,405.905,0.0001185
SF,1240,360.31,0.0009703
FFDH,1250,329.948,0.0012125
NFDH,1250,412.71,0.0001197
SF,1250,361.263,0.0010478
FFDH,1260,338.185,0.0015173
NFDH,1260,426.671,0.0001218
SF,1260,375.107,0.0010455
FFDH,1270,328.158,0.0012583
NFDH,1270,416.085,0.0001199
SF,1270,357.591,0.0009809
FFDH,1280,338.249,0.0013253
NFDH,1280,427.3,0.0001233
SF,1280,373.944,0.0010459
FFDH,1290,359.318,0.0013093
NFDH,1290,448.236,0.0001224
SF,1290,398.946,0.0010601
FFDH,1300,345.437,0.001357
NFDH,1300,427.209,0.0001241
SF,1300,376.424,0.0010644
FFDH,1310,340.762,0.0014098
NFDH,1310,427.041,0.0001252
SF,1310,379.368,0.0010711
FFDH,1320,352.809,0.0015526
NFDH,1320,447.041,0.0004849
SF,1320,388.475,0.0011024
FFDH,1330,376.538,0.0014097
NFDH,1330,466.63,0.0001262
SF,1330,415.052,0.0012202
FFDH,1340,357.18,0.0013485
NFDH,1340,443.947,0.000118
SF,1340,386.127,0.0010648
FFDH,1350,369.09,0.0014097
NFDH,1350,460.144,0.0001181
SF,1350,406.477,0.0011256
FFDH,1360,374.728,0.001446
NFDH,1360,470.646,0.0001269
SF,1360,418.171,0.0011166
FFDH,1370,376.16,0.0014655
NFDH,1370,464.831,0.0001401
SF,1370,415.002,0.0013586
FFDH,1380,371.99,0.0015248
NFDH,1380,474.668,0.000127
SF,1380,411.533,0.0011118
FFDH,1390,386.509,0.0015207
NFDH,1390,484.731,0.00013
SF,1390,423.667,0.0012059
FFDH,1400,382.236,0.0015655
NFDH,1400,482.03,0.0001349
SF,1400,416.72,0.0012212
FFDH,1410,380.501,0.0014944
NFDH,1410,472.781,0.0001169
SF,1410,420.296,0.0011584
FFDH,1420,366.162,0.0014872
NFDH,1420,451.158,0.0001297
SF,1420,401.961,0.0012084
FFDH,1430,366.495,0.0015042
NFDH,1430,460.659,0.0001185
SF,1430,400.353,0.0011476
FFDH,1440,377.247,0.0015918
NFDH,1440,475.134,0.0001228
SF,1440,414.029,0.001194
FFDH,1450,382.534,0.0015762
NFDH,1450,478.086,0.0001359
SF,1450,419.834,0.0012138
FFDH,1460,384.749,0.0016451
NFDH,1460,482.685,0.0001395
SF,1460,425.745,0.0013406
FFDH,1470,384.736,0.0016064
NFDH,1470,489.608,0.000129
SF,1470,419.151,0.0012138
FFDH,1480,377.362,0.0016423
NFDH,1480,471.254,0.000137
SF,1480,417.919,0.0012332
FFDH,1490,387.676,0.001658
NFDH,1490,487.867,0.0001384
SF,1490,424.216,0.001249
FFDH,1500,405.424,0.0017237
NFDH,1500,512.735,0.0001347
SF,1500,440.437,0.0013097
FFDH,1510,399.183,0.0017396
NFDH,1510,498.751,0.0001395
SF,1510,440.559,0.0013173
FFDH,1520,423.087,0.001715
NFDH,1520,529.975,0.0001357
SF,1520,465.333,0.0014131
FFDH,1530,411.198,0.0017438
NFDH,1530,514.53,0.0001347
SF,1530,450.591,0.0013121
FFDH,1540,411.153,0.0017343
NFDH,1540,519.922,0.0001467
SF,1540,454.176,0.0013439
FFDH,1550,415.108,0.0017659
NFDH,1550,521.353,0.0001412
SF,1550,456.967,0.0013776
FFDH,1560,405.853,0.0017958
NFDH,1560,511.249,0.0001399
SF,1560,445.394,0.0013451
FFDH,1570,424.14,0.0018759
NFDH,1570,536.527,0.0001381
SF,1570,469.607,0.0013992
FFDH,1580,412.773,0.0017986
NFDH,1580,518.27,0.0001292
SF,1580,452.658,0.0013646
FFDH,1590,426.55,0.001882
NFDH,1590,531.001,0.0001449
SF,1590,466.608,0.0014389
FFDH,1600,431.215,0.0018581
NFDH,1600,554.194,0.0001285
SF,1600,477.743,0.0014021
FFDH,1610,439.986,0.0018969
NFDH,1610,561.002,0.0001291
SF,1610,486.887,0.0015444
FFDH,1620,433.919,0.0018832
NFDH,1620,545.962,0.0001465
SF,1620,476.609,0.0014329
FFDH,1630,436.325,0.0019802
NFDH,1630,550.995,0.0001595
SF,1630,480.31,0.0014998
FFDH,1640,419.127,0.0019851
NFDH,1640,532.413,0.0001339
SF,1640,471.881,0.0014666
FFDH,1650,426.619,0.0019953
NFDH,1650,542.293,0.0001475
SF,1650,471.906,0.001534
FFDH,1660,446.442,0.0020551
NFDH,1660,563.391,0.000152
SF,1660,496.438,0.0015178
FFDH,1670,434.464,0.0019949
NFDH,1670,550.109,0.0001348
SF,1670,481.741,0.0016599
FFDH,1680,442.698,0.0021009
NFDH,1680,558.931,0.0001548
SF,1680,490.06,0.0015153
FFDH,1690,445.249,0.0020194
NFDH,1690,558.064,0.0001322
SF,1690,492.348,0.0017751
FFDH,1700,452.024,0.0020513
NFDH,1700,560.053,0.0001411
SF,1700,500.862,0.0015368
FFDH,1710,445.793,0.0021386
NFDH,1710,566.408,0.0001486
SF,1710,496.933,0.0016582
FFDH,1720,452.636,0.0021718
NFDH,1720,585.769,0.0001441
SF,1720,497.641,0.0015866
FFDH,1730,477.545,0.0021921
NFDH,1730,604.185,0.0001389
SF,1730,528.154,0.0016675
FFDH,1740,459.63,0.0021694
NFDH,1740,582.131,0.0001868
SF,1740,505.973,0.001591
FFDH,1750,468.992,0.0022065
NFDH,1750,589.374,0.0001541
SF,1750,516.202,0.0016569
FFDH,1760,479.553,0.0022511
NFDH,1760,598.4,0.0001516
SF,1760,536.642,0.0016254
FFDH,1770,476.14,0.002497
NFDH,1770,596.416,0.0001433
SF,1770,521.179,0.0017033
FFDH,1780,483.472,0.0023363
NFDH,1780,613.137,0.0001378
SF,1780,540.319,0.001748
FFDH,1790,482.52,0.0022986
NFDH,1790,616.509,0.0001493
SF,1790,537.308,0.0021545
FFDH,1800,465.552,0.0024175
NFDH,1800,592.71,0.0001556
SF,1800,518.138,0.001634
FFDH,1810,488.231,0.0023652
NFDH,1810,614.531,0.0001561
SF,1810,540.08,0.0018021
FFDH,1820,487.235,0.0024444
NFDH,1820,610.533,0.0001434
SF,1820,541.687,0.0018074
FFDH,1830,480.102,0.0025675
NFDH,1830,606.464,0.0001549
SF,1830,526.663,0.0019164
FFDH,1840,497.937,0.0024186
NFDH,1840,625.802,0.000149
SF,1840,545.686,0.0018179
FFDH,1850,481.417,0.0024571
NFDH,1850,612.186,0.0001622
SF,1850,530.48,0.0017995
FFDH,1860,487.334,0.0025144
NFDH,1860,617.447,0.0001537
SF,1860,544.381,0.0018717
FFDH,1870,487.847,0.0026758
NFDH,1870,619.682,0.0001475
SF,1870,525.232,0.0017699
FFDH,1880,497.617,0.0025206
NFDH,1880,620.825,0.0001616
SF,1880,544.144,0.001836
FFDH,1890,499.851,0.0025603
NFDH,1890,634.808,0.0001582
SF,1890,552.911,0.0018801
FFDH,1900,511.106,0.0027006
NFDH,1900,647.106,0.0001547
SF,1900,567.44,0.0019275
FFDH,1910,504.375,0.0025488
NFDH,1910,639.681,0.0001467
SF,1910,553.396,0.0018201
FFDH,1920,493.116,0.0025458
NFDH,1920,616.272,0.0001577
SF,1920,543.826,0.0018504
FFDH,1930,490.455,0.0026664
NFDH,1930,613.093,0.0001734
SF,1930,539.136,0.0019564
FFDH,1940,511.559,0.0026266
NFDH,1940,641.823,0.0001553
SF,1940,561.565,0.0020112
FFDH,1950,488.333,0.0026789
NFDH,1950,614.488,0.000166
SF,1950,542.267,0.0019083
FFDH,1960,514.207,0.002728
NFDH,1960,645.19,0.0001509
SF,1960,568.457,0.0021605
FFDH,1970,532.429,0.0027567
NFDH,1970,669.261,0.0001503
SF,1970,589.605,0.003304
FFDH,1980,507.913,0.0050669
NFDH,1980,650.899,0.0001506
SF,1980,565.358,0.0021025
FFDH,1990,513.354,0.0028047
NFDH,1990,647.716,0.0001531
SF,1990,568.407,0.0021791
FFDH,2000,514.418,0.0028891
NFDH,2000,649.39,0.0001733
SF,2000,562.97,0.0019753
FFDH,2010,534.651,0.0029567
NFDH,2010,676.552,0.0001755
SF,2010,593.301,0.0021454
FFDH,2020,523.227,0.0029131
NFDH,2020,661.871,0.0001722
SF,2020,579.415,0.0023279
FFDH,2030,533.533,0.0030721
NFDH,2030,667.333,0.0001579
SF,2030,589.397,0.0022218
FFDH,2040,554.57,0.0031031
NFDH,2040,710.203,0.0001663
SF,2040,616.713,0.002121
FFDH,2050,538.64,0.0029064
NFDH,2050,682.858,0.000179
SF,2050,592.498,0.0021094
FFDH,2060,512.775,0.0029184
NFDH,2060,650.904,0.0001776
SF,2060,571.22,0.0021422
FFDH,2070,534.129,0.003007
NFDH,2070,677.98,0.0001737
SF,2070,587.81,0.0020888
FFDH,2080,549.458,0.0029937
NFDH,2080,691.94,0.0001769
SF,2080,615.502,0.0022317
FFDH,2090,569.768,0.0031993
NFDH,2090,721.229,0.0001706
SF,2090,636.395,0.0022633
FFDH,2100,553.173,0.0031687
NFDH,2100,709.888,0.0001846
SF,2100,618.288,0.002244
FFDH,2110,545.523,0.0031533
NFDH,2110,692.726,0.0001767
SF,2110,611.312,0.002264
FFDH,2120,528.537,0.0030941
NFDH,2120,672.625,0.0001719
SF,2120,582.007,0.0024374
FFDH,2130,545.847,0.0031433
NFDH,2130,692.358,0.0001899
SF,2130,605.477,0.0022314
FFDH,2140,558.32,0.0032419
NFDH,2140,707.284,0.0001715
SF,2140,621.897,0.0023157
FFDH,2150,552.689,0.0033387
NFDH,2150,697.182,0.0001917
SF,2150,624.287,0.0022381
FFDH,2160,559.59,0.0032725
NFDH,2160,713.379,0.0002088
SF,2160,631.172,0.0023529
FFDH,2170,569.366,0.003376
NFDH,2170,715.353,0.0002021
SF,2170,630.401,0.0025553
FFDH,2180,569.809,0.0032772
NFDH,2180,722.27,0.000198
SF,2180,636.446,0.0022817
FFDH,2190,588.255,0.0034088
NFDH,2190,733.344,0.0001783
SF,2190,647.087,0.0024745
FFDH,2200,579.226,0.003627
NFDH,2200,736.68,0.0001895
SF,2200,640.342,0.0024729
FFDH,2210,580.951,0.0034618
NFDH,2210,734.699,0.0002003
SF,2210,642.823,0.0024207
FFDH,2220,591.252,0.0035602
NFDH,2220,755.806,0.0001894
SF,2220,656.041,0.0026195
FFDH,2230,565.89,0.0034407
NFDH,2230,721.649,0.0001804
SF,2230,630.43,0.0023756
FFDH,2240,598.865,0.0036298
NFDH,2240,755.706,0.000182
SF,2240,668.569,0.0026351
FFDH,2250,597.559,0.003573
NFDH,2250,754.97,0.0001788
SF,2250,664.203,0.0025227
FFDH,2260,592.466,0.0036271
NFDH,2260,763.39,0.000186
SF,2260,660.03,0.0025846
FFDH,2270,608.181,0.0037856
NFDH,2270,776.82,0.000182
SF,2270,675.069,0.0025261
FFDH,2280,603.723,0.0037824
NFDH,2280,761.872,0.0001847
SF,2280,668.328,0.0026248
FFDH,2290,592.359,0.0035864
NFDH,2290,760.957,0.0001836
SF,2290,648.859,0.0029313
FFDH,2300,584.979,0.0036823
NFDH,2300,746.091,0.0001909
SF,2300,648.396,0.0024499
FFDH,2310,595.582,0.0035836
NFDH,2310,751.901,0.0001929
SF,2310,661.379,0.0024923
FFDH,2320,628.976,0.004252
NFDH,2320,793.238,0.0002406
SF,2320,691.192,0.0029081
FFDH,2330,601.445,0.0037984
NFDH,2330,772.241,0.0001902
SF,2330,670.233,0.002652
FFDH,2340,621.91,0.0040547
NFDH,2340,789.961,0.0002031
SF,2340,685.924,0.0029551
FFDH,2350,617.409,0.0038684
NFDH,2350,777.537,0.0002594
SF,2350,683.126,0.0028483
FFDH,2360,618.38,0.0038758
NFDH,2360,790.582,0.0002004
SF,2360,687.197,0.0027174
FFDH,2370,624.432,0.0039638
NFDH,2370,795.373,0.0002064
SF,2370,688.776,0.0028595
FFDH,2380,620.337,0.0039582
NFDH,2380,785.216,0.0002259
SF,2380,696.028,0.0028363
FFDH,2390,647.646,0.0040394
NFDH,2390,815.031,0.0002315
SF,2390,727.245,0.0029618
FFDH,2400,630.732,0.0041949
NFDH,2400,808.486,0.0002164
SF,2400,694.209,0.0027939
FFDH,2410,653.505,0.0041018
NFDH,2410,825.399,0.0002206
SF,2410,727.504,0.0030411
FFDH,2420,631.697,0.0042522
NFDH,2420,807.63,0.0002213
SF,2420,703.659,0.0028183
FFDH,2430,619.765,0.0040366
NFDH,2430,783.659,0.0002201
SF,2430,692.318,0.0033362
FFDH,2440,624.757,0.0041501
NFDH,2440,792.006,0.0002764
SF,2440,689.636,0.0028163
FFDH,2450,648.182,0.0040747
NFDH,2450,817.256,0.0002296
SF,2450,722.092,0.0029535
FFDH,2460,657.311,0.0044209
NFDH,2460,831.985,0.0002301
SF,2460,734.507,0.0029712
FFDH,2470,636.905,0.004239
NFDH,2470,809.427,0.0002243
SF,2470,708.95,0.0029721
FFDH,2480,639.585,0.0043887
NFDH,2480,822.968,0.0002311
SF,2480,708.298,0.0029731
FFDH,2490,657.735,0.0042589
NFDH,2490,830.754,0.0002274
SF,2490,721.66,0.0030212
FFDH,2500,650.082,0.0045041
NFDH,2500,834.892,0.0002269
SF,2500,721.637,0.0029498
FFDH,2510,656.191,0.0043195
NFDH,2510,835.871,0.0002228
SF,2510,734.369,0.0030106
FFDH,2520,670.949,0.00467
NFDH,2520,850.327,0.0002437
SF,2520,748.794,0.0030851
FFDH,2530,661.314,0.0045516
NFDH,2530,845.617,0.0002306
SF,2530,740.676,0.0031421
FFDH,2540,673.527,0.0048327
NFDH,2540,852.877,0.0002502
SF,2540,751.18,0.003232
FFDH,2550,676.972,0.0045889
NFDH,2550,856.575,0.0002431
SF,2550,753.505,0.003198
FFDH,2560,678.089,0.004635
NFDH,2560,868.224,0.0002255
SF,2560,750.575,0.003164
FFDH,2570,676.001,0.0046519
NFDH,2570,864.142,0.0002507
SF,2570,743.658,0.003121
FFDH,2580,666.366,0.0045745
NFDH,2580,846.238,0.0002406
SF,2580,734.045,0.0031047
FFDH,2590,674.068,0.0046132
NFDH,2590,860.151,0.0002507
SF,2590,757.287,0.0031958
FFDH,2600,696.46,0.0047152
NFDH,2600,877.556,0.0002839
SF,2600,778.111,0.0033993
FFDH,2610,696.074,0.0047569
NFDH,2610,882.313,0.0002705
SF,2610,771.12,0.0033084
FFDH,2620,693.43,0.0047142
NFDH,2620,884.771,0.0002533
SF,2620,779.327,0.0032459
FFDH,2630,678.678,0.0047822
NFDH,2630,871.335,0.000234
SF,2630,751.417,0.0031984
FFDH,2640,683.782,0.0048621
NFDH,2640,870.637,0.000247
SF,2640,761.894,0.0034769
FFDH,2650,698.166,0.0048736
NFDH,2650,895.726,0.000228
SF,2650,773.281,0.003323
FFDH,2660,688.399,0.0047929
NFDH,2660,876.196,0.000249
SF,2660,763.211,0.003275
FFDH,2670,712.818,0.0048725
NFDH,2670,911.909,0.0002303
SF,2670,798.167,0.0033608
FFDH,2680,719.84,0.004995
NFDH,2680,909.813,0.0002442
SF,2680,798.047,0.0035203
FFDH,2690,711.866,0.0049839
NFDH,2690,902.946,0.0002614
SF,2690,792.145,0.004305
FFDH,2700,692.803,0.0050243
NFDH,2700,878.268,0.0002899
SF,2700,771.818,0.0034161
FFDH,2710,713.699,0.0050159
NFDH,2710,904.8,0.0002378
SF,2710,792.749,0.0035806
FFDH,2720,705.251,0.0052922
NFDH,2720,901.694,0.0002462
SF,2720,797.297,0.0034266
FFDH,2730,725.733,0.0056762
NFDH,2730,917.35,0.0002376
SF,2730,797.275,0.0036262
FFDH,2740,737.293,0.0050659
NFDH,2740,936.308,0.0002346
SF,2740,816.641,0.0035854
FFDH,2750,692.372,0.0053253
NFDH,2750,879.5,0.0002429
SF,2750,763.437,0.0034488
FFDH,2760,714.228,0.0050733
NFDH,2760,913.988,0.0002716
SF,2760,792.639,0.0034872
FFDH,2770,732.436,0.0053968
NFDH,2770,921.347,0.0002418
SF,2770,809.633,0.0036209
FFDH,2780,742.086,0.0052098
NFDH,2780,944.054,0.0002368
SF,2780,823.437,0.003926
FFDH,2790,757.058,0.0052829
NFDH,2790,953.658,0.000286
SF,2790,850.963,0.0036972
FFDH,2800,755.262,0.0057691
NFDH,2800,958.816,0.0002396
SF,2800,838.647,0.0036099
FFDH,2810,726.972,0.0052561
NFDH,2810,918.721,0.0002463
SF,2810,812.199,0.0037583
FFDH,2820,729.354,0.0055411
NFDH,2820,941.241,0.0002444
SF,2820,812.11,0.0036063
FFDH,2830,741.028,0.0056892
NFDH,2830,938.313,0.0002589
SF,2830,824.015,0.0039092
FFDH,2840,742.781,0.0054635
NFDH,2840,943.758,0.0002398
SF,2840,822.162,0.0037533
FFDH,2850,742.877,0.0057061
NFDH,2850,929.088,0.0003058
SF,2850,827.097,0.0039314
FFDH,2860,751,0.0054445
NFDH,2860,954.201,0.000243
SF,2860,831.403,0.0036647
FFDH,2870,759.58,0.0055855
NFDH,2870,966.862,0.0002647
SF,2870,851.288,0.0037395
FFDH,2880,736.302,0.0054811
NFDH,2880,940.737,0.0002448
SF,2880,813.1,0.0037408
FFDH,2890,758.62,0.0055918
NFDH,2890,953.454,0.0002459
SF,2890,843.906,0.0038835
FFDH,2900,781.655,0.0056575
NFDH,2900,979.683,0.0002492
SF,2900,865.119,0.0039867
FFDH,2910,767.4,0.0056352
NFDH,2910,983.061,0.0002684
SF,2910,857.794,0.0037824
FFDH,2920,786.586,0.0059319
NFDH,2920,994.871,0.0002495
SF,2920,876.57,0.0042268
FFDH,2930,779.345,0.0057352
NFDH,2930,983.825,0.0002434
SF,2930,862.268,0.0040301
FFDH,2940,761.537,0.0058649
NFDH,2940,957.541,0.0002552
SF,2940,844.79,0.003912
FFDH,2950,778.545,0.0058872
NFDH,2950,992.805,0.0002708
SF,2950,864.092,0.0039467
FFDH,2960,772.498,0.0057022
NFDH,2960,974.15,0.000248
SF,2960,861.523,0.0038691
FFDH,2970,770.959,0.0059198
NFDH,2970,971.202,0.000254
SF,2970,844.413,0.0039227
FFDH,2980,777.718,0.0059295
NFDH,2980,987.989,0.0002551
SF,2980,867.725,0.0042692
FFDH,2990,799.149,0.006142
NFDH,2990,1009.36,0.0002655
SF,2990,894.584,0.0045333
FFDH,3000,778.206,0.0062448
NFDH,3000,986.65,0.0002623
SF,3000,863.437,0.0041372
FFDH,3010,778.971,0.0060527
NFDH,3010,993.741,0.0003045
SF,3010,864.674,0.0041407
FFDH,3020,782.522,0.0061859
NFDH,3020,997.569,0.0002609
SF,3020,860.354,0.0040839
FFDH,3030,798.311,0.0061542
NFDH,3030,1008.06,0.0002612
SF,3030,886.782,0.0043683
FFDH,3040,778.698,0.0064429
NFDH,3040,1000.27,0.0002579
SF,3040,862.794,0.0045007
FFDH,3050,802.534,0.0063054
NFDH,3050,1016.63,0.0002574
SF,3050,891.067,0.0044367
FFDH,3060,814.631,0.0062072
NFDH,3060,1036.1,0.0002594
SF,3060,904.2,0.004177
FFDH,3070,822.246,0.0064025
NFDH,3070,1047.23,0.0002575
SF,3070,914.333,0.0044549
FFDH,3080,795.732,0.0062607
NFDH,3080,1014.89,0.0002578
SF,3080,871.316,0.0040606
FFDH,3090,798.579,0.0064597
NFDH,3090,1026.04,0.0002622
SF,3090,896.575,0.004293
FFDH,3100,802.232,0.0063019
NFDH,3100,1016.5,0.0002549
SF,3100,894.944,0.0043716
FFDH,3110,808.02,0.0064531
NFDH,3110,1043.39,0.0002564
SF,3110,901.034,0.004404
FFDH,3120,807.939,0.0065231
NFDH,3120,1025.79,0.0002712
SF,3120,892.237,0.004511
FFDH,3130,826.01,0.0066351
NFDH,3130,1051.75,0.0002569
SF,3130,921.053,0.0046149
FFDH,3140,800.174,0.0064436
NFDH,3140,1029.2,0.0002729
SF,3140,892.034,0.0043833
FFDH,3150,820.217,0.0066225
NFDH,3150,1037.62,0.0002645
SF,3150,907.165,0.0045086
FFDH,3160,852.302,0.0067799
NFDH,3160,1071.06,0.0002664
SF,3160,951.132,0.0045505
FFDH,3170,818.605,0.0067004
NFDH,3170,1046.01,0.000272
SF,3170,918.789,0.0046591
FFDH,3180,833.483,0.0067057
NFDH,3180,1050.06,0.0002692
SF,3180,930.267,0.00457
FFDH,3190,812.728,0.0069526
NFDH,3190,1036.17,0.0002685
SF,3190,897.003,0.0045317
FFDH,3200,874.91,0.0084661
NFDH,3200,1100.29,0.0002625
SF,3200,974.658,0.0047121
FFDH,3210,822.063,0.0070859
NFDH,3210,1052.49,0.0002764
SF,3210,906.473,0.0049477
FFDH,3220,830.455,0.0070182
NFDH,3220,1053.85,0.0002731
SF,3220,919.881,0.0046395
FFDH,3230,858.795,0.0068952
NFDH,3230,1083.63,0.0005157
SF,3230,950.187,0.0049719
FFDH,3240,840.951,0.0070262
NFDH,3240,1081.85,0.0002774
SF,3240,929.52,0.0045498
FFDH,3250,858.528,0.0070491
NFDH,3250,1086.69,0.0002718
SF,3250,956.716,0.0048181
FFDH,3260,848.367,0.0070873
NFDH,3260,1079.2,0.0003552
SF,3260,943.413,0.0046283
FFDH,3270,854.094,0.0082557
NFDH,3270,1098.58,0.0002688
SF,3270,954.129,0.0051127
FFDH,3280,863.166,0.0080503
NFDH,3280,1098.37,0.0002757
SF,3280,963.248,0.0050308
FFDH,3290,876.115,0.007421
NFDH,3290,1116.29,0.0002756
SF,3290,971.791,0.0050844
FFDH,3300,867.441,0.0074352
NFDH,3300,1101.74,0.0002773
SF,3300,969.784,0.0049889
FFDH,3310,875.461,0.007615
NFDH,3310,1116.29,0.0002725
SF,3310,975.071,0.0051091
FFDH,3320,863.449,0.0077768
NFDH,3320,1104.01,0.0002795
SF,3320,960.508,0.0048789
FFDH,3330,865.925,0.0075759
NFDH,3330,1112.28,0.0002852
SF,3330,957.217,0.0048805
FFDH,3340,864.505,0.0072766
NFDH,3340,1104.18,0.0002856
SF,3340,968.465,0.0051977
FFDH,3350,881.141,0.0073314
NFDH,3350,1116.71,0.0002788
SF,3350,976.984,0.0048898
FFDH,3360,885.115,0.007808
NFDH,3360,1130.02,0.0002775
SF,3360,984.969,0.0049113
FFDH,3370,874.338,0.0077036
NFDH,3370,1117.45,0.0002809
SF,3370,971.065,0.0051786
FFDH,3380,885.094,0.007568
NFDH,3380,1135,0.0003176
SF,3380,986.482,0.0049361
FFDH,3390,884.479,0.0076763
NFDH,3390,1125.57,0.0002821
SF,3390,988.292,0.0051774
FFDH,3400,905.13,0.007623
NFDH,3400,1156.29,0.0002734
SF,3400,1008.23,0.0051752
FFDH,3410,875.152,0.0075666
NFDH,3410,1106.97,0.0002861
SF,3410,969.039,0.0049613
FFDH,3420,881.799,0.007942
NFDH,3420,1129.62,0.0002807
SF,3420,986.258,0.0049807
FFDH,3430,908.581,0.0080705
NFDH,3430,1166.19,0.0004685
SF,3430,1008.81,0.0053893
FFDH,3440,899.359,0.0079755
NFDH,3440,1154.44,0.0002827
SF,3440,996.262,0.0060787
FFDH,3450,912.881,0.0081853
NFDH,3450,1152.28,0.0002808
SF,3450,1023.92,0.0054072
FFDH,3460,885.609,0.0077164
NFDH,3460,1131.49,0.0002835
SF,3460,993.515,0.0051328
FFDH,3470,917.354,0.0082571
NFDH,3470,1161.34,0.0002886
SF,3470,1036.9,0.0054804
FFDH,3480,922.788,0.0082556
NFDH,3480,1175.65,0.0002867
SF,3480,1029.11,0.0054655
FFDH,3490,928.947,0.0085363
NFDH,3490,1172.8,0.0002922
SF,3490,1030.92,0.0053605
FFDH,3500,943.063,0.0081855
NFDH,3500,1204.58,0.0003048
SF,3500,1053.77,0.0058774
FFDH,3510,913.738,0.0081026
NFDH,3510,1167.27,0.0002884
SF,3510,1025.69,0.0054245
FFDH,3520,909.43,0.0080243
NFDH,3520,1157.61,0.0002776
SF,3520,1007.14,0.0054194
FFDH,3530,945.228,0.0088949
NFDH,3530,1195.67,0.0002974
SF,3530,1047.82,0.0058819
FFDH,3540,933.728,0.0083215
NFDH,3540,1186.51,0.0002954
SF,3540,1042.01,0.0056481
FFDH,3550,920.553,0.0084779
NFDH,3550,1180.55,0.0002923
SF,3550,1025.27,0.0054738
FFDH,3560,929.387,0.0084601
NFDH,3560,1178.59,0.0003319
SF,3560,1037.09,0.0054482
FFDH,3570,934.756,0.0084581
NFDH,3570,1187.83,0.000331
SF,3570,1038.54,0.0058867
FFDH,3580,912.514,0.0087457
NFDH,3580,1172.76,0.0003614
SF,3580,1013.7,0.0055337
FFDH,3590,948.252,0.0085325
NFDH,3590,1211.77,0.0003514
SF,3590,1044.21,0.0057916
FFDH,3600,943.742,0.0085688
NFDH,3600,1217.25,0.0003598
SF,3600,1062.02,0.0056823
FFDH,3610,894.078,0.0083303
NFDH,3610,1141.15,0.0003319
SF,3610,982.253,0.005717
FFDH,3620,948.457,0.0088503
NFDH,3620,1206.5,0.0003979
SF,3620,1061.01,0.0056579
FFDH,3630,968.437,0.0089815
NFDH,3630,1232.45,0.0002935
SF,3630,1068.84,0.0057254
FFDH,3640,936.448,0.009051
NFDH,3640,1205.6,0.0002981
SF,3640,1045.84,0.0056142
FFDH,3650,946.898,0.0088795
NFDH,3650,1208.62,0.0003004
SF,3650,1064.75,0.0058032
FFDH,3660,970.343,0.0093105
NFDH,3660,1242.21,0.000288
SF,3660,1088.47,0.005774
FFDH,3670,967.094,0.0090569
NFDH,3670,1218.51,0.0002966
SF,3670,1073.61,0.0058887
FFDH,3680,989.204,0.0094285
NFDH,3680,1244.76,0.0002974
SF,3680,1103.65,0.0061944
FFDH,3690,952.457,0.008934
NFDH,3690,1216.94,0.0002984
SF,3690,1066.9,0.005924
FFDH,3700,955.688,0.0088865
NFDH,3700,1235.51,0.0003191
SF,3700,1071.81,0.0058228
FFDH,3710,974.114,0.009212
NFDH,3710,1240.34,0.0003195
SF,3710,1096.25,0.006234
FFDH,3720,972.757,0.0090904
NFDH,3720,1239.13,0.000302
SF,3720,1080.97,0.006353
FFDH,3730,970.724,0.009356
NFDH,3730,1244.54,0.0003207
SF,3730,1092.57,0.0062735
FFDH,3740,956.797,0.008973
NFDH,3740,1226.08,0.0003014
SF,3740,1062.03,0.0059317
FFDH,3750,975.547,0.009051
NFDH,3750,1245.39,0.0003014
SF,3750,1089.57,0.0061192
FFDH,3760,992.931,0.0093753
NFDH,3760,1272.43,0.0003098
SF,3760,1109.32,0.0064638
FFDH,3770,1007.85,0.0094187
NFDH,3770,1288.76,0.0003106
SF,3770,1122.8,0.0062597
FFDH,3780,963.029,0.0092467
NFDH,3780,1239.65,0.0003142
SF,3780,1066.84,0.0062668
FFDH,3790,1016.4,0.009514
NFDH,3790,1296.15,0.0003111
SF,3790,1133.48,0.0067394
FFDH,3800,1023.75,0.0096566
NFDH,3800,1306.99,0.0006264
SF,3800,1144,0.0065636
FFDH,3810,1002.87,0.0095843
NFDH,3810,1283.18,0.0003096
SF,3810,1118.36,0.0066609
FFDH,3820,987.912,0.0096655
NFDH,3820,1258.8,0.0003239
SF,3820,1096.29,0.0063914
FFDH,3830,981.241,0.0096815
NFDH,3830,1249.13,0.0003048
SF,3830,1094.95,0.0064084
FFDH,3840,996.457,0.0096145
NFDH,3840,1270.87,0.0003053
SF,3840,1114.55,0.0063303
FFDH,3850,999.307,0.0096564
NFDH,3850,1267.74,0.0003042
SF,3850,1106.63,0.0063412
FFDH,3860,1043.85,0.0098769
NFDH,3860,1309.85,0.0003043
SF,3860,1164.11,0.0070933
FFDH,3870,1001.93,0.0100004
NFDH,3870,1270.03,0.0003161
SF,3870,1113.02,0.0066397
FFDH,3880,1041.44,0.0101368
NFDH,3880,1325.38,0.000311
SF,3880,1160.38,0.0068603
FFDH,3890,1018.65,0.0101445
NFDH,3890,1294.74,0.0003393
SF,3890,1133.32,0.0066479
FFDH,3900,1010.86,0.0109279
NFDH,3900,1303.22,0.0003298
SF,3900,1129.5,0.0066972
FFDH,3910,1038.16,0.0103795
NFDH,3910,1319.6,0.0003283
SF,3910,1167.59,0.0067734
FFDH,3920,1049.05,0.0105596
NFDH,3920,1325.49,0.00032
SF,3920,1171.95,0.0068206
FFDH,3930,1016.91,0.0106771
NFDH,3930,1301.14,0.0003218
SF,3930,1122.94,0.0066133
FFDH,3940,1018.15,0.0101547
NFDH,3940,1300.5,0.0003239
SF,3940,1139.86,0.006804
FFDH,3950,1049.6,0.0104195
NFDH,3950,1341.29,0.0003279
SF,3950,1172.45,0.0067414
FFDH,3960,1056.57,0.0105505
NFDH,3960,1353.88,0.0003235
SF,3960,1194.4,0.0072445
FFDH,3970,1043.87,0.0103853
NFDH,3970,1331.94,0.0003207
SF,3970,1159.2,0.0069079
FFDH,3980,1016.42,0.0104787
NFDH,3980,1302.47,0.0003527
SF,3980,1131.72,0.0067283
FFDH,3990,1062.43,0.0105751
NFDH,3990,1365.63,0.0003154
SF,3990,1189.87,0.0070705
FFDH,4000,1050.6,0.0102369
NFDH,4000,1334.24,0.000322
SF,4000,1171.32,0.007468
FFDH,4010,1029.76,0.0102756
NFDH,4010,1319.9,0.0003217
SF,4010,1150.85,0.0068091
FFDH,4020,1048.6,0.0104347
NFDH,4020,1337.78,0.0003366
SF,4020,1171.32,0.0069925
FFDH,4030,1040.38,0.0105021
NFDH,4030,1333.19,0.0003348
SF,4030,1164.71,0.0077765
FFDH,4040,1063.95,0.0109897
NFDH,4040,1339.69,0.000323
SF,4040,1188.06,0.0073198
FFDH,4050,1041.65,0.0106991
NFDH,4050,1327.9,0.0003259
SF,4050,1157.94,0.0069938
FFDH,4060,1080.64,0.011407
NFDH,4060,1391.77,0.0003333
SF,4060,1215.6,0.007515
FFDH,4070,1044.63,0.0107344
NFDH,4070,1339.8,0.0003215
SF,4070,1172.99,0.0071462
FFDH,4080,1053.19,0.010777
NFDH,4080,1343.83,0.0003265
SF,4080,1166.36,0.0072565
FFDH,4090,1058.15,0.0111964
NFDH,4090,1354.26,0.0003194
SF,4090,1186.11,0.0074671
FFDH,4100,1083.36,0.0108921
NFDH,4100,1381.86,0.0003707
SF,4100,1203.21,0.0073881
FFDH,4110,1068.36,0.0110805
NFDH,4110,1371.43,0.0003618
SF,4110,1196.5,0.0071981
FFDH,4120,1085.79,0.0120893
NFDH,4120,1393.31,0.0004261
SF,4120,1211.72,0.0079963
FFDH,4130,1068.39,0.0113444
NFDH,4130,1359.78,0.0003924
SF,4130,1176.53,0.0077727
FFDH,4140,1086.21,0.0114406
NFDH,4140,1384.44,0.000366
SF,4140,1219.13,0.0076209
FFDH,4150,1081.18,0.0115834
NFDH,4150,1379.44,0.0004649
SF,4150,1217.31,0.0077943
FFDH,4160,1096.54,0.0124371
NFDH,4160,1402.94,0.0003772
SF,4160,1228.96,0.0076984
FFDH,4170,1094.26,0.0117073
NFDH,4170,1389.35,0.000352
SF,4170,1231.15,0.0075471
FFDH,4180,1063.84,0.0115883
NFDH,4180,1361.98,0.0003653
SF,4180,1178.44,0.0076143
FFDH,4190,1099.84,0.0117023
NFDH,4190,1419.49,0.0003684
SF,4190,1228.42,0.0082224
FFDH,4200,1107.18,0.0125339
NFDH,4200,1414.76,0.0003784
SF,4200,1236.44,0.0078518
FFDH,4210,1108,0.0120832
NFDH,4210,1424.87,0.0003751
SF,4210,1248.61,0.0076681
FFDH,4220,1116.39,0.0130294
NFDH,4220,1435.04,0.0008339
SF,4220,1260.78,0.0083105
FFDH,4230,1080.22,0.0118713
NFDH,4230,1391.95,0.0003646
SF,4230,1210.52,0.0075374
FFDH,4240,1122.42,0.0128383
NFDH,4240,1448.61,0.0003716
SF,4240,1260.94,0.00798
FFDH,4250,1106.4,0.0118625
NFDH,4250,1405.26,0.0003693
SF,4250,1235.96,0.0078954
FFDH,4260,1129.29,0.0118754
NFDH,4260,1451.15,0.0003718
SF,4260,1268.92,0.0079638
FFDH,4270,1079.92,0.0117255
NFDH,4270,1388.55,0.0003766
SF,4270,1202.15,0.0075625
FFDH,4280,1099.35,0.0119037
NFDH,4280,1405.9,0.0003802
SF,4280,1222.15,0.0079423
FFDH,4290,1119.68,0.0121875
NFDH,4290,1427.27,0.0003672
SF,4290,1259.82,0.0079308
FFDH,4300,1135.54,0.0122377
NFDH,4300,1460.16,0.0004077
SF,4300,1269.55,0.0082488
FFDH,4310,1126.04,0.0122112
NFDH,4310,1452.1,0.0003638
SF,4310,1257.54,0.0085097
FFDH,4320,1130.74,0.0123287
NFDH,4320,1437.11,0.0003707
SF,4320,1262.15,0.008137
FFDH,4330,1136.54,0.0125478
NFDH,4330,1455.23,0.0004063
SF,4330,1278.88,0.0081277
FFDH,4340,1125.07,0.0121914
NFDH,4340,1444.74,0.0003565
SF,4340,1259.27,0.0082396
FFDH,4350,1136.63,0.0121472
NFDH,4350,1465.71,0.0003668
SF,4350,1269.45,0.0080252
FFDH,4360,1160.86,0.0125316
NFDH,4360,1476.51,0.0003787
SF,4360,1306.62,0.0087105
FFDH,4370,1125.46,0.0134713
NFDH,4370,1440.98,0.0003747
SF,4370,1260.86,0.0081162
FFDH,4380,1129.51,0.0124057
NFDH,4380,1453.15,0.0003677
SF,4380,1264.34,0.0084048
FFDH,4390,1112.66,0.0125149
NFDH,4390,1429.73,0.0003789
SF,4390,1247.13,0.0080418
FFDH,4400,1172.85,0.0130039
NFDH,4400,1495.59,0.0003799
SF,4400,1311.9,0.0091124
FFDH,4410,1151.92,0.0130943
NFDH,4410,1479.99,0.0003666
SF,4410,1280.2,0.0084061
FFDH,4420,1168.5,0.0129547
NFDH,4420,1485.71,0.000371
SF,4420,1313.37,0.0084891
FFDH,4430,1168.03,0.0127281
NFDH,4430,1489.5,0.0003799
SF,4430,1305.9,0.0084709
FFDH,4440,1146.49,0.0126929
NFDH,4440,1473.38,0.0003957
SF,4440,1282.98,0.0083365
FFDH,4450,1123.22,0.0128724
NFDH,4450,1440.69,0.0003865
SF,4450,1259.91,0.0087418
FFDH,4460,1192.09,0.0129877
NFDH,4460,1518.82,0.0003763
SF,4460,1342.3,0.0089706
FFDH,4470,1148,0.012963
NFDH,4470,1467.65,0.0003775
SF,4470,1284.41,0.0089355
FFDH,4480,1153.79,0.0131588
NFDH,4480,1482.27,0.0003841
SF,4480,1293.3,0.0085332
FFDH,4490,1170.07,0.0131463
NFDH,4490,1494.7,0.0003739
SF,4490,1314.54,0.0090061
FFDH,4500,1174.46,0.0137612
NFDH,4500,1492.74,0.0005291
SF,4500,1315.92,0.0085475
FFDH,4510,1183.05,0.0131964
NFDH,4510,1509.31,0.000387
SF,4510,1320.34,0.0086872
FFDH,4520,1160.84,0.0135858
NFDH,4520,1494.34,0.0003856
SF,4520,1294.78,0.0086716
FFDH,4530,1194.39,0.0138954
NFDH,4530,1515.58,0.0003764
SF,4530,1330.34,0.0089633
FFDH,4540,1179.14,0.0134179
NFDH,4540,1521.86,0.000372
SF,4540,1317.53,0.0086915
FFDH,4550,1195.45,0.0134978
NFDH,4550,1537.12,0.0003745
SF,4550,1339.48,0.0090804
FFDH,4560,1201.67,0.013453
NFDH,4560,1541.99,0.0003776
SF,4560,1337.94,0.0087035
FFDH,4570,1161.57,0.0134197
NFDH,4570,1484.72,0.0004143
SF,4570,1294.42,0.009058
FFDH,4580,1180.95,0.0138335
NFDH,4580,1511.76,0.0003926
SF,4580,1331.82,0.0090254
FFDH,4590,1185.81,0.0136127
NFDH,4590,1522.52,0.0003847
SF,4590,1322.27,0.0090604
FFDH,4600,1195.65,0.0138013
NFDH,4600,1524.69,0.0004379
SF,4600,1347.29,0.0092093
FFDH,4610,1187.22,0.013803
NFDH,4610,1510.6,0.0003768
SF,4610,1322.21,0.0088544
FFDH,4620,1239.98,0.0139532
NFDH,4620,1582.63,0.0003804
SF,4620,1388.4,0.0092548
FFDH,4630,1190.25,0.014129
NFDH,4630,1514.07,0.0003847
SF,4630,1325.14,0.0089552
FFDH,4640,1209.38,0.0141981
NFDH,4640,1547.08,0.0003927
SF,4640,1338.33,0.0092593
FFDH,4650,1215.56,0.0141337
NFDH,4650,1561.11,0.0003814
SF,4650,1365.5,0.0091368
FFDH,4660,1216.36,0.0142092
NFDH,4660,1549.16,0.0003978
SF,4660,1353.34,0.0092963
FFDH,4670,1216.26,0.0143011
NFDH,4670,1566.57,0.0004337
SF,4670,1362.63,0.0092963
FFDH,4680,1254.23,0.014557
NFDH,4680,1596.03,0.0004166
SF,4680,1395.96,0.0096099
FFDH,4690,1234.71,0.0153221
NFDH,4690,1574.98,0.0004287
SF,4690,1387.44,0.0093539
FFDH,4700,1221.04,0.0145403
NFDH,4700,1556.48,0.0004881
SF,4700,1360.9,0.0094093
FFDH,4710,1216.85,0.0146409
NFDH,4710,1558.13,0.0004251
SF,4710,1366.53,0.0095799
FFDH,4720,1225.27,0.0143767
NFDH,4720,1561.33,0.0004383
SF,4720,1362.39,0.0093031
FFDH,4730,1259.17,0.0144475
NFDH,4730,1605.77,0.0004508
SF,4730,1418.78,0.0095844
FFDH,4740,1219.67,0.0145659
NFDH,4740,1554.2,0.0004307
SF,4740,1374.07,0.00989
FFDH,4750,1209.36,0.0141745
NFDH,4750,1541.04,0.0004926
SF,4750,1348.3,0.0092497
FFDH,4760,1267.77,0.0147559
NFDH,4760,1617.17,0.0004236
SF,4760,1423.72,0.0100021
FFDH,4770,1256.49,0.0147328
NFDH,4770,1601.96,0.0004953
SF,4770,1400.44,0.0095054
FFDH,4780,1242.64,0.0152841
NFDH,4780,1593.98,0.0004453
SF,4780,1390.97,0.0101705
FFDH,4790,1245.46,0.0151265
NFDH,4790,1590.2,0.000464
SF,4790,1393.57,0.0097985
FFDH,4800,1249.45,0.0151485
NFDH,4800,1609.88,0.0004438
SF,4800,1394.08,0.010308
FFDH,4810,1243.08,0.0156008
NFDH,4810,1589.69,0.0005132
SF,4810,1399.58,0.0097079
FFDH,4820,1269.14,0.015176
NFDH,4820,1618.54,0.0004432
SF,4820,1422.84,0.0102064
FFDH,4830,1292.61,0.0155514
NFDH,4830,1649.97,0.0004524
SF,4830,1453.53,0.010587
FFDH,4840,1280.74,0.0159326
NFDH,4840,1639.6,0.0004469
SF,4840,1441.31,0.0099427
FFDH,4850,1261.31,0.0153242
NFDH,4850,1617.19,0.000449
SF,4850,1410.77,0.0104707
FFDH,4860,1248.75,0.0153028
NFDH,4860,1594.86,0.0004689
SF,4860,1395.47,0.0099637
FFDH,4870,1254.18,0.0156304
NFDH,4870,1604.67,0.000459
SF,4870,1405.35,0.0099933
FFDH,4880,1259.61,0.0153668
NFDH,4880,1613.77,0.0006545
SF,4880,1417.57,0.0101301
FFDH,4890,1274.31,0.0151264
NFDH,4890,1619.15,0.0004492
SF,4890,1433.84,0.010396
FFDH,4900,1281.68,0.0162571
NFDH,4900,1639.44,0.0004595
SF,4900,1432.35,0.0103378
FFDH,4910,1275.3,0.0154714
NFDH,4910,1616.2,0.0004523
SF,4910,1426.73,0.0099842
FFDH,4920,1273.4,0.0156185
NFDH,4920,1633.95,0.0004571
SF,4920,1416.95,0.0100245
FFDH,4930,1261.54,0.0155611
NFDH,4930,1610.11,0.0004615
SF,4930,1410.11,0.0102768
FFDH,4940,1261.42,0.0154712
NFDH,4940,1623.39,0.0004614
SF,4940,1413.1,0.0103061
FFDH,4950,1302.74,0.0157908
NFDH,4950,1676.56,0.0004614
SF,4950,1451.17,0.0103991
FFDH,4960,1311.17,0.0161827
NFDH,4960,1674.89,0.0004687
SF,4960,1463.92,0.0107697
FFDH,4970,1302.55,0.015948
NFDH,4970,1656.18,0.0004716
SF,4970,1445.86,0.01047
FFDH,4980,1294.69,0.0159659
NFDH,4980,1645.59,0.0005054
SF,4980,1443.81,0.0106881
FFDH,4990,1300.61,0.0161519
NFDH,4990,1656.54,0.0004777
SF,4990,1456.57,0.0104736
FFDH,5000,1293.84,0.0164167
NFDH,5000,1663.13,0.0004608
SF,5000,1451.78,0.0104539
FFDH,5010,1318.38,0.0163936
NFDH,5010,1700.92,0.0004764
SF,5010,1478.76,0.0111438
FFDH,5020,1306.01,0.0160782
NFDH,5020,1670.73,0.0004577
SF,5020,1449.39,0.0104777
FFDH,5030,1317.78,0.0164847
NFDH,5030,1675.09,0.0004656
SF,5030,1474.24,0.0109032
FFDH,5040,1320.19,0.0166054
NFDH,5040,1699.3,0.0004577
SF,5040,1482.48,0.0108917
FFDH,5050,1303.54,0.0165591
NFDH,5050,1668.32,0.0004561
SF,5050,1454.47,0.0105719
FFDH,5060,1325.43,0.0165732
NFDH,5060,1700.08,0.0004905
SF,5060,1481.3,0.0133678
FFDH,5070,1296.59,0.0167013
NFDH,5070,1656.81,0.0004865
SF,5070,1450.68,0.0106063
FFDH,5080,1317.32,0.0167334
NFDH,5080,1682.38,0.0004775
SF,5080,1472.79,0.0109525
FFDH,5090,1301.24,0.0164468
NFDH,5090,1665.24,0.0004848
SF,5090,1468.05,0.0108258
FFDH,5100,1353.25,0.0165366
NFDH,5100,1725.7,0.0004648
SF,5100,1512.21,0.0113133
FFDH,5110,1321.38,0.016857
NFDH,5110,1690.08,0.0005181
SF,5110,1482.24,0.0113499
FFDH,5120,1322.2,0.0166334
NFDH,5120,1701.77,0.0004722
SF,5120,1502.67,0.0108904
FFDH,5130,1335.56,0.0169326
NFDH,5130,1712.5,0.0004639
SF,5130,1499.44,0.0107341
FFDH,5140,1353.49,0.0174297
NFDH,5140,1728.77,0.0006045
SF,5140,1516.14,0.0112536
FFDH,5150,1324.83,0.0172738
NFDH,5150,1699.96,0.0004952
SF,5150,1486.38,0.0117263
FFDH,5160,1358.21,0.0171132
NFDH,5160,1734.1,0.0004821
SF,5160,1523.78,0.0119386
FFDH,5170,1336.37,0.0173951
NFDH,5170,1711.16,0.000479
SF,5170,1498.22,0.0113085
FFDH,5180,1354.64,0.0176014
NFDH,5180,1743.09,0.0005971
SF,5180,1508.28,0.0113642
FFDH,5190,1358.42,0.0174669
NFDH,5190,1737.76,0.0004803
SF,5190,1517.29,0.0115639
FFDH,5200,1328.85,0.0174687
NFDH,5200,1699.97,0.0004933
SF,5200,1470.92,0.0114056
FFDH,5210,1367.8,0.0176159
NFDH,5210,1767.16,0.0004974
SF,5210,1539.66,0.0115871
FFDH,5220,1347.04,0.0180796
NFDH,5220,1736.04,0.0005045
SF,5220,1506.4,0.0114437
FFDH,5230,1335.08,0.0175246
NFDH,5230,1721.73,0.0009284
SF,5230,1496.87,0.0113225
FFDH,5240,1352.15,0.0181077
NFDH,5240,1729.27,0.0005626
SF,5240,1517.09,0.0119787
FFDH,5250,1378.88,0.017629
NFDH,5250,1763.32,0.0005047
SF,5250,1546.33,0.0115984
FFDH,5260,1365.78,0.0177548
NFDH,5260,1752.86,0.0004972
SF,5260,1529.54,0.0117675
FFDH,5270,1358.94,0.0174695
NFDH,5270,1750.94,0.0004861
SF,5270,1531.62,0.0115758
FFDH,5280,1365.88,0.017817
NFDH,5280,1745.74,0.0005214
SF,5280,1530.88,0.0113162
FFDH,5290,1392.1,0.0184092
NFDH,5290,1785.77,0.0006115
SF,5290,1562.06,0.0119483
FFDH,5300,1403.53,0.0181103
NFDH,5300,1797.22,0.0004826
SF,5300,1572.57,0.0115579
FFDH,5310,1383.46,0.0180987
NFDH,5310,1772.03,0.000492
SF,5310,1544,0.0118431
FFDH,5320,1384.07,0.0182973
NFDH,5320,1769.9,0.0005227
SF,5320,1561.51,0.0124741
FFDH,5330,1377.64,0.0184203
NFDH,5330,1759.88,0.0004879
SF,5330,1542.49,0.0119741
FFDH,5340,1427.7,0.0183606
NFDH,5340,1815.55,0.0004986
SF,5340,1591.76,0.0123778
FFDH,5350,1397.61,0.0183608
NFDH,5350,1794.76,0.000516
SF,5350,1567.22,0.0117781
FFDH,5360,1385.64,0.018577
NFDH,5360,1761.32,0.0005934
SF,5360,1554.78,0.0120385
FFDH,5370,1404.94,0.0186579
NFDH,5370,1814.78,0.0007257
SF,5370,1572.64,0.0120754
FFDH,5380,1422.57,0.0192935
NFDH,5380,1822.4,0.0005023
SF,5380,1596.33,0.0120263
FFDH,5390,1346.9,0.0185769
NFDH,5390,1731.08,0.000494
SF,5390,1490.71,0.0119844
FFDH,5400,1423.4,0.0186118
NFDH,5400,1821.13,0.0004951
SF,5400,1592.83,0.0122027
FFDH,5410,1442.99,0.0189766
NFDH,5410,1841.6,0.0006237
SF,5410,1610.84,0.0136056
FFDH,5420,1375.35,0.0185878
NFDH,5420,1758.75,0.0004791
SF,5420,1555.72,0.0119924
FFDH,5430,1399.13,0.0187044
NFDH,5430,1805.24,0.0004847
SF,5430,1593.16,0.0121375
FFDH,5440,1410.19,0.0189212
NFDH,5440,1808.68,0.0005038
SF,5440,1577.09,0.0123529
FFDH,5450,1407.6,0.0188106
NFDH,5450,1810.42,0.0005131
SF,5450,1585.48,0.012385
FFDH,5460,1400.57,0.0189619
NFDH,5460,1792.03,0.0005078
SF,5460,1572.97,0.0122948
FFDH,5470,1456.37,0.0197017
NFDH,5470,1873.5,0.0004979
SF,5470,1624.54,0.012734
FFDH,5480,1440.01,0.0194687
NFDH,5480,1840.72,0.0004946
SF,5480,1599.64,0.0125125
FFDH,5490,1461.3,0.0191037
NFDH,5490,1862.56,0.0004978
SF,5490,1653.88,0.0128272
FFDH,5500,1427.87,0.0194862
NFDH,5500,1825.4,0.0005011
SF,5500,1615.77,0.0123333
FFDH,5510,1400.7,0.0199058
NFDH,5510,1805.57,0.0004934
SF,5510,1574.88,0.0123155
FFDH,5520,1439.13,0.0196862
NFDH,5520,1868.58,0.0004963
SF,5520,1631.6,0.0129353
FFDH,5530,1417.38,0.0198066
NFDH,5530,1830.73,0.0005542
SF,5530,1586.81,0.0133716
FFDH,5540,1469.07,0.0200676
NFDH,5540,1877.94,0.0005164
SF,5540,1648.32,0.0131623
FFDH,5550,1453.55,0.0199488
NFDH,5550,1881.85,0.0005278
SF,5550,1632.92,0.0129939
FFDH,5560,1467.87,0.019992
NFDH,5560,1879.85,0.000511
SF,5560,1654.34,0.0126692
FFDH,5570,1460.2,0.0202709
NFDH,5570,1870.11,0.000528
SF,5570,1644.56,0.0133406
FFDH,5580,1446.51,0.0199529
NFDH,5580,1862.86,0.0005097
SF,5580,1634.03,0.0129479
FFDH,5590,1483.15,0.0201543
NFDH,5590,1878.76,0.0005192
SF,5590,1653.03,0.0134533
FFDH,5600,1415.83,0.0200297
NFDH,5600,1817.71,0.0005103
SF,5600,1594.8,0.0124801
FFDH,5610,1468.31,0.0198431
NFDH,5610,1888.11,0.0006374
SF,5610,1644.78,0.0128783
FFDH,5620,1445.07,0.0204827
NFDH,5620,1850.42,0.000485
SF,5620,1617.12,0.0128296
FFDH,5630,1463.45,0.0218455
NFDH,5630,1870.83,0.0005142
SF,5630,1644.16,0.0130505
FFDH,5640,1457.67,0.0197768
NFDH,5640,1890.79,0.0004999
SF,5640,1648.04,0.0131426
FFDH,5650,1491.2,0.0211806
NFDH,5650,1897.77,0.00076
SF,5650,1674.26,0.0164225
FFDH,5660,1468.05,0.021477
NFDH,5660,1895.61,0.0005423
SF,5660,1655.84,0.0133502
FFDH,5670,1480.43,0.0205811
NFDH,5670,1886.53,0.0005271
SF,5670,1668.7,0.0135358
FFDH,5680,1477.07,0.0210935
NFDH,5680,1902.38,0.0005206
SF,5680,1650.03,0.0130576
FFDH,5690,1480.53,0.0211305
NFDH,5690,1885.22,0.0005314
SF,5690,1664.15,0.0134485
FFDH,5700,1464.85,0.0206504
NFDH,5700,1877.52,0.0005195
SF,5700,1651.35,0.0136775
FFDH,5710,1470.31,0.0212111
NFDH,5710,1892.12,0.000576
SF,5710,1640.22,0.0144113
FFDH,5720,1477.71,0.0204828
NFDH,5720,1902.4,0.0005459
SF,5720,1651.36,0.0134756
FFDH,5730,1463.59,0.0204849
NFDH,5730,1869.26,0.0005116
SF,5730,1638.8,0.013676
FFDH,5740,1468.05,0.020521
NFDH,5740,1878.07,0.0005242
SF,5740,1626.34,0.0130534
FFDH,5750,1484.22,0.0219945
NFDH,5750,1899.11,0.0005178
SF,5750,1669.64,0.0140055
FFDH,5760,1489.41,0.0212943
NFDH,5760,1921.04,0.0005527
SF,5760,1675.74,0.0139562
FFDH,5770,1523.27,0.0217138
NFDH,5770,1942.35,0.0005305
SF,5770,1698.5,0.0139422
FFDH,5780,1453.13,0.0213853
NFDH,5780,1861.83,0.0005455
SF,5780,1630.9,0.0137901
FFDH,5790,1525.52,0.0217157
NFDH,5790,1951.67,0.0005177
SF,5790,1716.06,0.0140647
FFDH,5800,1542.24,0.021771
NFDH,5800,1981.18,0.0006119
SF,5800,1731.87,0.0144096
FFDH,5810,1516.5,0.0215524
NFDH,5810,1943.23,0.0005371
SF,5810,1696.16,0.0141054
FFDH,5820,1538.12,0.0221716
NFDH,5820,1971.66,0.0005359
SF,5820,1741.05,0.01444
FFDH,5830,1533.09,0.0224765
NFDH,5830,1948.63,0.0005477
SF,5830,1717.88,0.0139769
FFDH,5840,1545.68,0.0222224
NFDH,5840,1962.29,0.0005401
SF,5840,1739.06,0.0143588
FFDH,5850,1515.21,0.0216786
NFDH,5850,1951.72,0.0005149
SF,5850,1708.37,0.0140425
FFDH,5860,1540.21,0.0216623
NFDH,5860,1981.36,0.0005401
SF,5860,1728.22,0.0142108
FFDH,5870,1535.75,0.0219208
NFDH,5870,1962.22,0.0005339
SF,5870,1730.48,0.0143635
FFDH,5880,1538.22,0.0228118
NFDH,5880,1981.08,0.0005723
SF,5880,1724.33,0.014893
FFDH,5890,1553.27,0.0223404
NFDH,5890,1999.68,0.0005297
SF,5890,1752.33,0.0145085
FFDH,5900,1500.63,0.021859
NFDH,5900,1922.52,0.0005469
SF,5900,1685.55,0.0141426
FFDH,5910,1550.86,0.022665
NFDH,5910,1981.92,0.0005622
SF,5910,1740.43,0.0148054
FFDH,5920,1525.51,0.0222408
NFDH,5920,1961.23,0.0005397
SF,5920,1714.66,0.0186689
FFDH,5930,1542.68,0.02234
NFDH,5930,1981.69,0.0005307
SF,5930,1719.45,0.0146493
FFDH,5940,1529.85,0.0225024
NFDH,5940,1954.48,0.0005342
SF,5940,1709.14,0.0146893
FFDH,5950,1540.86,0.0223972
NFDH,5950,1986.48,0.0005273
SF,5950,1748.98,0.0146656
FFDH,5960,1523.53,0.0225427
NFDH,5960,1957.51,0.0005336
SF,5960,1710.7,0.0143111
FFDH,5970,1560.24,0.0227135
NFDH,5970,1990.01,0.0010604
SF,5970,1752.96,0.0148175
FFDH,5980,1528.16,0.0235398
NFDH,5980,1973.32,0.0005393
SF,5980,1706.24,0.0142965
FFDH,5990,1580.77,0.022701
NFDH,5990,2028.14,0.000545
SF,5990,1772.37,0.0149824
FFDH,6000,1568.4,0.0225208
NFDH,6000,1988.13,0.0005244
SF,6000,1747.37,0.0146985
FFDH,6010,1545.32,0.0227751
NFDH,6010,1989.67,0.0005396
SF,6010,1740.58,0.0146681
FFDH,6020,1556.09,0.0228767
NFDH,6020,1995.43,0.0005434
SF,6020,1754.68,0.0149569
FFDH,6030,1593.3,0.0233221
NFDH,6030,2034.94,0.0005509
SF,6030,1796.46,0.0149995
FFDH,6040,1576.76,0.0234203
NFDH,6040,2023.32,0.000559
SF,6040,1771.68,0.0148595
FFDH,6050,1625.01,0.0227581
NFDH,6050,2078.42,0.0005529
SF,6050,1841.81,0.0153963
FFDH,6060,1537.84,0.0228469
NFDH,6060,1967.24,0.0005514
SF,6060,1726.97,0.0149377
FFDH,6070,1580.93,0.0236869
NFDH,6070,2037.4,0.0005389
SF,6070,1769.19,0.0150469
FFDH,6080,1610.09,0.0236789
NFDH,6080,2060.05,0.0005334
SF,6080,1798.64,0.0153149
FFDH,6090,1576.62,0.0234914
NFDH,6090,2012.02,0.0005809
SF,6090,1779.1,0.0154906
FFDH,6100,1596.79,0.0236366
NFDH,6100,2059.93,0.0005411
SF,6100,1786.1,0.0159247
FFDH,6110,1564.53,0.0236909
NFDH,6110,2015.85,0.0005509
SF,6110,1757.41,0.0161348
FFDH,6120,1593.78,0.0236922
NFDH,6120,2055.19,0.00058
SF,6120,1792.12,0.015624
FFDH,6130,1576.45,0.0235254
NFDH,6130,2019.63,0.0005697
SF,6130,1776.02,0.0154416
FFDH,6140,1567.19,0.0238989
NFDH,6140,2015.46,0.0005605
SF,6140,1749.87,0.0150836
FFDH,6150,1595.64,0.023996
NFDH,6150,2053.65,0.0005471
SF,6150,1798.31,0.0153985
FFDH,6160,1592.22,0.0239746
NFDH,6160,2034.11,0.0005344
SF,6160,1780.61,0.015358
FFDH,6170,1612.34,0.0239491
NFDH,6170,2074.58,0.0005647
SF,6170,1814.3,0.0161867
FFDH,6180,1576.89,0.0240699
NFDH,6180,2023.31,0.0007457
SF,6180,1769.29,0.0152953
FFDH,6190,1627.78,0.0245094
NFDH,6190,2095.16,0.0005617
SF,6190,1825.25,0.0155794
FFDH,6200,1578.72,0.0242211
NFDH,6200,2023.49,0.0005541
SF,6200,1767.06,0.0162805
FFDH,6210,1608.32,0.0242513
NFDH,6210,2075.96,0.0005519
SF,6210,1827.55,0.0163367
FFDH,6220,1605.58,0.0250201
NFDH,6220,2070.2,0.0005435
SF,6220,1807.41,0.0157512
FFDH,6230,1597.71,0.0248781
NFDH,6230,2051.12,0.0006798
SF,6230,1785.8,0.0159905
FFDH,6240,1601.92,0.0247767
NFDH,6240,2050.69,0.0005656
SF,6240,1807.86,0.0157698
FFDH,6250,1598.85,0.0244635
NFDH,6250,2050.47,0.0005551
SF,6250,1788.44,0.0157396
FFDH,6260,1638.99,0.024773
NFDH,6260,2118.47,0.0005443
SF,6260,1840.28,0.015788
FFDH,6270,1630.48,0.0247124
NFDH,6270,2073.16,0.0005708
SF,6270,1820.73,0.0159731
FFDH,6280,1605.32,0.0252656
NFDH,6280,2060.2,0.0005471
SF,6280,1789.68,0.0162269
FFDH,6290,1631.97,0.0253852
NFDH,6290,2101.93,0.0005602
SF,6290,1832.1,0.0159665
FFDH,6300,1619.26,0.0252283
NFDH,6300,2076.72,0.000578
SF,6300,1822.81,0.0164863
FFDH,6310,1667.38,0.0257742
NFDH,6310,2149.54,0.0005496
SF,6310,1871.84,0.0171664
FFDH,6320,1654.08,0.0257289
NFDH,6320,2114.11,0.0005581
SF,6320,1867.49,0.0166928
FFDH,6330,1681.28,0.0260718
NFDH,6330,2150.69,0.000554
SF,6330,1890.45,0.0165707
FFDH,6340,1651.81,0.0261468
NFDH,6340,2123.32,0.0005555
SF,6340,1867.33,0.0164578
FFDH,6350,1653.76,0.0261842
NFDH,6350,2122.58,0.0005754
SF,6350,1851.11,0.0163814
FFDH,6360,1618.79,0.0259591
NFDH,6360,2067.68,0.0005613
SF,6360,1817.82,0.0163104
FFDH,6370,1664.96,0.0258732
NFDH,6370,2143.95,0.0005694
SF,6370,1850.86,0.0164355
FFDH,6380,1673.68,0.0260828
NFDH,6380,2148.14,0.0005411
SF,6380,1876.86,0.0168481
FFDH,6390,1656.08,0.0256902
NFDH,6390,2126.25,0.0005838
SF,6390,1863.21,0.0172118
FFDH,6400,1649.89,0.0260064
NFDH,6400,2125.47,0.0006025
SF,6400,1855.41,0.0167898
FFDH,6410,1671.58,0.0263142
NFDH,6410,2141.31,0.0005788
SF,6410,1887.76,0.0171453
FFDH,6420,1656.26,0.0260336
NFDH,6420,2127.29,0.0005738
SF,6420,1852.84,0.016533
FFDH,6430,1701.24,0.026823
NFDH,6430,2189.17,0.0005457
SF,6430,1918.71,0.0167812
FFDH,6440,1679.07,0.02636
NFDH,6440,2143.8,0.0006006
SF,6440,1891.06,0.0174261
FFDH,6450,1642.54,0.026497
NFDH,6450,2116.52,0.0005964
SF,6450,1852.6,0.0168927
FFDH,6460,1661.75,0.0279862
NFDH,6460,2130.92,0.0006294
SF,6460,1868.75,0.0169594
FFDH,6470,1637.14,0.0262278
NFDH,6470,2117.04,0.0006089
SF,6470,1837.86,0.0167894
FFDH,6480,1704.6,0.0268862
NFDH,6480,2195.55,0.000583
SF,6480,1914.87,0.0172168
FFDH,6490,1679.68,0.0272266
NFDH,6490,2145.77,0.0005612
SF,6490,1875.8,0.0175304
FFDH,6500,1684.01,0.0267136
NFDH,6500,2164.32,0.0005784
SF,6500,1902.5,0.0169674
FFDH,6510,1686.23,0.0275935
NFDH,6510,2162.68,0.000596
SF,6510,1890.97,0.017517
FFDH,6520,1727.22,0.0271673
NFDH,6520,2214.14,0.0005662
SF,6520,1934.33,0.0174213
FFDH,6530,1687.96,0.0272135
NFDH,6530,2161.56,0.000599
SF,6530,1905.34,0.0174712
FFDH,6540,1668.08,0.0272216
NFDH,6540,2126.66,0.0005874
SF,6540,1877.3,0.0169961
FFDH,6550,1705.17,0.0270206
NFDH,6550,2173.54,0.000583
SF,6550,1908.14,0.0177517
FFDH,6560,1711.86,0.0276419
NFDH,6560,2186.45,0.000613
SF,6560,1924.19,0.0175375
FFDH,6570,1703.85,0.0278111
NFDH,6570,2178.09,0.0005729
SF,6570,1914.45,0.0180801
FFDH,6580,1731.04,0.0283293
NFDH,6580,2211.1,0.0005697
SF,6580,1947.78,0.0182233
FFDH,6590,1660.02,0.0268347
NFDH,6590,2140.3,0.0008
SF,6590,1863.27,0.0166317
FFDH,6600,1732.42,0.0277945
NFDH,6600,2224.12,0.0005671
SF,6600,1939.38,0.0174008
FFDH,6610,1709.74,0.0274418
NFDH,6610,2193.97,0.000593
SF,6610,1919.32,0.017878
FFDH,6620,1718.74,0.0275554
NFDH,6620,2206.07,0.0005762
SF,6620,1945.24,0.0176448
FFDH,6630,1687.73,0.0275146
NFDH,6630,2168.03,0.0005829
SF,6630,1896.87,0.0176777
FFDH,6640,1712.93,0.0276905
NFDH,6640,2183.12,0.0005771
SF,6640,1914.42,0.0178433
FFDH,6650,1722.15,0.0283048
NFDH,6650,2229.6,0.0006091
SF,6650,1938.91,0.0200479
FFDH,6660,1658.04,0.0281318
NFDH,6660,2128.34,0.0005782
SF,6660,1859.19,0.0179905
FFDH,6670,1714.7,0.0282081
NFDH,6670,2213.23,0.000567
SF,6670,1932.14,0.0176852
FFDH,6680,1730.22,0.0285674
NFDH,6680,2227.47,0.0005928
SF,6680,1949.42,0.0194786
FFDH,6690,1744.01,0.0284489
NFDH,6690,2247.81,0.0005961
SF,6690,1981.17,0.0182662
FFDH,6700,1739.17,0.028713
NFDH,6700,2218.25,0.000638
SF,6700,1957.28,0.0187821
FFDH,6710,1758.64,0.0286767
NFDH,6710,2258.94,0.0005855
SF,6710,1965.93,0.0179677
FFDH,6720,1761.5,0.0286894
NFDH,6720,2256.89,0.0005793
SF,6720,1997.45,0.01882
FFDH,6730,1732.86,0.0285175
NFDH,6730,2217.78,0.000587
SF,6730,1943.61,0.0182809
FFDH,6740,1778.03,0.0287316
NFDH,6740,2281.45,0.0005948
SF,6740,1993.07,0.0187906
FFDH,6750,1767.19,0.0288163
NFDH,6750,2258.94,0.0006033
SF,6750,1986.93,0.0188869
FFDH,6760,1764.11,0.0292731
NFDH,6760,2278.48,0.0006068
SF,6760,1987.08,0.0193628
FFDH,6770,1756.32,0.0297
NFDH,6770,2256.18,0.0006055
SF,6770,1973.06,0.0190916
FFDH,6780,1779.18,0.0292723
NFDH,6780,2289.46,0.0006048
SF,6780,1983.07,0.0186884
FFDH,6790,1800.59,0.0295871
NFDH,6790,2303.68,0.0005993
SF,6790,2032.41,0.0192862
FFDH,6800,1764.42,0.0300733
NFDH,6800,2260.98,0.0006057
SF,6800,1990.72,0.0188646
FFDH,6810,1785.9,0.0295702
NFDH,6810,2291.63,0.0006046
SF,6810,2004.33,0.0196494
FFDH,6820,1772.15,0.0302014
NFDH,6820,2285.93,0.000592
SF,6820,1987.71,0.0190233
FFDH,6830,1749.65,0.0291345
NFDH,6830,2229.09,0.0006038
SF,6830,1953.84,0.0184816
FFDH,6840,1775.58,0.0295126
NFDH,6840,2267.63,0.000642
SF,6840,1989.38,0.0190845
FFDH,6850,1769.28,0.0298734
NFDH,6850,2265.54,0.0005967
SF,6850,2001.64,0.0192507
FFDH,6860,1799.78,0.0300664
NFDH,6860,2305.34,0.0006148
SF,6860,2019.6,0.0192742
FFDH,6870,1782.71,0.0303917
NFDH,6870,2289.85,0.000627
SF,6870,2019.85,0.0189815
FFDH,6880,1796.58,0.0306233
NFDH,6880,2305.11,0.0006135
SF,6880,2015.29,0.0191868
FFDH,6890,1790.98,0.0298221
NFDH,6890,2292.1,0.0006063
SF,6890,2006.18,0.0190656
FFDH,6900,1749.71,0.0293284
NFDH,6900,2254.82,0.0006014
SF,6900,1981.01,0.0189041
FFDH,6910,1818.97,0.0303286
NFDH,6910,2338.29,0.0006469
SF,6910,2043.37,0.0201239
FFDH,6920,1802.19,0.0304128
NFDH,6920,2313.52,0.0006227
SF,6920,2023.79,0.0192402
FFDH,6930,1795.97,0.0303395
NFDH,6930,2306.85,0.0006083
SF,6930,2012.99,0.019793
FFDH,6940,1817.2,0.0307956
NFDH,6940,2325.45,0.0006091
SF,6940,2038.5,0.0201381
FFDH,6950,1767.61,0.0304349
NFDH,6950,2292.97,0.0006072
SF,6950,1986.12,0.0188203
FFDH,6960,1839.01,0.0306971
NFDH,6960,2376.13,0.000611
SF,6960,2074.96,0.0199329
FFDH,6970,1829.27,0.0311635
NFDH,6970,2361.16,0.0006196
SF,6970,2049.15,0.0195441
FFDH,6980,1788.23,0.0307474
NFDH,6980,2299.53,0.0005824
SF,6980,1995.34,0.0196099
FFDH,6990,1850.01,0.0313637
NFDH,6990,2366.3,0.0006021
SF,6990,2092.68,0.0203061
FFDH,7000,1829.86,0.0311645
NFDH,7000,2349.44,0.0006279
SF,7000,2041.5,0.0198011
FFDH,7010,1830.56,0.032195
NFDH,7010,2349.72,0.0006425
SF,7010,2060.13,0.0210219
FFDH,7020,1791.37,0.0315747
NFDH,7020,2297.25,0.0006334
SF,7020,2010.66,0.0194985
FFDH,7030,1830.24,0.0309495
NFDH,7030,2339.58,0.0006402
SF,7030,2041.13,0.0205091
FFDH,7040,1829.71,0.0311772
NFDH,7040,2345.26,0.0006164
SF,7040,2057.86,0.0206278
FFDH,7050,1822.66,0.0317378
NFDH,7050,2352,0.0006835
SF,7050,2049.64,0.020231
FFDH,7060,1832.9,0.0315924
NFDH,7060,2363.88,0.0007087
SF,7060,2060.8,0.0203521
FFDH,7070,1841.2,0.031862
NFDH,7070,2364.72,0.0006407
SF,7070,2076.2,0.0216778
FFDH,7080,1854.33,0.0313742
NFDH,7080,2370.79,0.0006243
SF,7080,2086.35,0.0201277
FFDH,7090,1889.91,0.0324478
NFDH,7090,2426.58,0.000637
SF,7090,2130.82,0.0208613
FFDH,7100,1817.7,0.0320504
NFDH,7100,2343.25,0.0006103
SF,7100,2043.35,0.0207266
FFDH,7110,1867.88,0.0318121
NFDH,7110,2397.77,0.0005904
SF,7110,2119.52,0.021486
FFDH,7120,1847.75,0.0320366
NFDH,7120,2375.26,0.000768
SF,7120,2083.67,0.0210774
FFDH,7130,1833.42,0.031708
NFDH,7130,2371.29,0.0006184
SF,7130,2058.7,0.0201453
FFDH,7140,1882.42,0.0333411
NFDH,7140,2420.55,0.0006328
SF,7140,2106.06,0.0209302
FFDH,7150,1873.62,0.0338232
NFDH,7150,2415.84,0.0006327
SF,7150,2114.45,0.0209895
FFDH,7160,1897.71,0.0321047
NFDH,7160,2425.2,0.0006151
SF,7160,2141.65,0.0213535
FFDH,7170,1863.8,0.0332974
NFDH,7170,2394.2,0.0006136
SF,7170,2093.24,0.0211556
FFDH,7180,1874.52,0.0324473
NFDH,7180,2402.35,0.0006097
SF,7180,2104.36,0.0218249
FFDH,7190,1861.07,0.0322688
NFDH,7190,2377.67,0.00063
SF,7190,2096.1,0.0212286
FFDH,7200,1871.9,0.0331052
NFDH,7200,2404.76,0.0006139
SF,7200,2100.85,0.0210682
FFDH,7210,1879.3,0.032682
NFDH,7210,2421.86,0.0006421
SF,7210,2120.68,0.0212561
FFDH,7220,1860.68,0.0322789
NFDH,7220,2398.01,0.000616
SF,7220,2096.53,0.0212197
FFDH,7230,1859.45,0.0324304
NFDH,7230,2400.18,0.0006223
SF,7230,2094.54,0.0205169
FFDH,7240,1859.76,0.03262
NFDH,7240,2391.09,0.0008919
SF,7240,2093.12,0.0209161
FFDH,7250,1849.93,0.0326536
NFDH,7250,2383.14,0.0006402
SF,7250,2093.4,0.0212138
FFDH,7260,1852.12,0.0334839
NFDH,7260,2381.37,0.0006989
SF,7260,2088.71,0.0210219
FFDH,7270,1871.52,0.0332953
NFDH,7270,2418.08,0.0006368
SF,7270,2096.77,0.0210774
FFDH,7280,1903.17,0.0338692
NFDH,7280,2435.14,0.000699
SF,7280,2135.25,0.0215892
FFDH,7290,1877.35,0.0334518
NFDH,7290,2401.02,0.0006394
SF,7290,2101.93,0.0207826
FFDH,7300,1876.49,0.0338857
NFDH,7300,2403.57,0.000632
SF,7300,2113.24,0.0215561
FFDH,7310,1897.74,0.0340578
NFDH,7310,2423.56,0.0006929
SF,7310,2130.75,0.022225
FFDH,7320,1895.67,0.0339172
NFDH,7320,2440.76,0.0006409
SF,7320,2140.56,0.0216783
FFDH,7330,1875.17,0.0338526
NFDH,7330,2402.69,0.0006427
SF,7330,2121.74,0.0212221
FFDH,7340,1890.42,0.0332741
NFDH,7340,2432.92,0.0006357
SF,7340,2132.64,0.0212594
FFDH,7350,1899.17,0.0341646
NFDH,7350,2426.93,0.0006477
SF,7350,2122.05,0.0218638
FFDH,7360,1886.96,0.03401
NFDH,7360,2429.29,0.0006622
SF,7360,2118.63,0.0217508
FFDH,7370,1890.17,0.0449204
NFDH,7370,2429.5,0.0006305
SF,7370,2118.78,0.0219989
FFDH,7380,1918.17,0.0349482
NFDH,7380,2454.97,0.0006535
SF,7380,2172.45,0.0230123
FFDH,7390,1915.66,0.0363592
NFDH,7390,2461.63,0.0006327
SF,7390,2159.22,0.0222489
FFDH,7400,1929.62,0.0351625
NFDH,7400,2467.86,0.0006264
SF,7400,2154.13,0.0221217
FFDH,7410,1945.35,0.0347804
NFDH,7410,2496.81,0.0006836
SF,7410,2198.07,0.0225385
FFDH,7420,1920.84,0.0347874
NFDH,7420,2466.12,0.0006182
SF,7420,2144.13,0.0216446
FFDH,7430,1945.2,0.0350808
NFDH,7430,2512.97,0.0006617
SF,7430,2189.77,0.0256133
FFDH,7440,1897.33,0.0352524
NFDH,7440,2447.75,0.000632
SF,7440,2130.54,0.0225144
FFDH,7450,1940.51,0.035031
NFDH,7450,2492.23,0.0006387
SF,7450,2181.52,0.022538
FFDH,7460,1910.61,0.034823
NFDH,7460,2447.49,0.0006443
SF,7460,2139.99,0.0226683
FFDH,7470,1945.63,0.0362189
NFDH,7470,2513.83,0.0006451
SF,7470,2190.95,0.0226074
FFDH,7480,1918.31,0.035756
NFDH,7480,2470.88,0.0006313
SF,7480,2150.2,0.0226716
FFDH,7490,1978.67,0.035258
NFDH,7490,2546.54,0.000643
SF,7490,2236.25,0.0228528
FFDH,7500,1924.14,0.0351426
NFDH,7500,2466.52,0.0006502
SF,7500,2165.59,0.0219276
FFDH,7510,1975.97,0.0358676
NFDH,7510,2542.77,0.0006487
SF,7510,2230.33,0.0235177
FFDH,7520,1967.54,0.0355007
NFDH,7520,2539.21,0.0006541
SF,7520,2208.91,0.0225328
FFDH,7530,1940.42,0.035415
NFDH,7530,2504.12,0.0006652
SF,7530,2183.87,0.0231124
FFDH,7540,1972.46,0.0366389
NFDH,7540,2522.62,0.000629
SF,7540,2234.9,0.0234605
FFDH,7550,1956.58,0.0358932
NFDH,7550,2521.78,0.0006611
SF,7550,2203.76,0.0231237
FFDH,7560,1981.77,0.0396882
NFDH,7560,2558.86,0.0006767
SF,7560,2221.36,0.0234156
FFDH,7570,1963.35,0.0360553
NFDH,7570,2530.16,0.0006709
SF,7570,2210.32,0.0228376
FFDH,7580,1993.19,0.0362597
NFDH,7580,2569.02,0.0006432
SF,7580,2251.54,0.0231901
FFDH,7590,1988.88,0.0369835
NFDH,7590,2559.06,0.0007351
SF,7590,2241.87,0.0231492
FFDH,7600,1975.63,0.0371627
NFDH,7600,2537,0.0006579
SF,7600,2237.99,0.0235202
FFDH,7610,1969.5,0.0365122
NFDH,7610,2554.38,0.0006672
SF,7610,2222.29,0.0237377
FFDH,7620,1967.93,0.0364733
NFDH,7620,2529.33,0.0006677
SF,7620,2214.19,0.0243459
FFDH,7630,2029.37,0.0376045
NFDH,7630,2603.82,0.0006974
SF,7630,2270.53,0.0238719
FFDH,7640,1971.4,0.0363397
NFDH,7640,2531.25,0.0006712
SF,7640,2214.43,0.0235279
FFDH,7650,1944.45,0.0363436
NFDH,7650,2505.57,0.0006672
SF,7650,2195.78,0.0234031
FFDH,7660,1975.27,0.036125
NFDH,7660,2527.04,0.000635
SF,7660,2198.76,0.0232164
FFDH,7670,2003.76,0.037078
NFDH,7670,2581.96,0.0006914
SF,7670,2251.44,0.024169
FFDH,7680,2003.28,0.037254
NFDH,7680,2583.99,0.0006547
SF,7680,2260.1,0.0238787
FFDH,7690,1969.56,0.037331
NFDH,7690,2536.93,0.0006835
SF,7690,2213.8,0.0235577
FFDH,7700,1982.29,0.0370215
NFDH,7700,2555.24,0.0006408
SF,7700,2233.06,0.0234728
FFDH,7710,1995.11,0.0372533
NFDH,7710,2570.28,0.0006791
SF,7710,2228.31,0.0238065
FFDH,7720,2034.81,0.0377419
NFDH,7720,2609.91,0.0006654
SF,7720,2291.18,0.0242786
FFDH,7730,1986.81,0.0370254
NFDH,7730,2566.94,0.0006464
SF,7730,2233.81,0.0245036
FFDH,7740,2025.92,0.0387283
NFDH,7740,2607.57,0.0006468
SF,7740,2277.2,0.0246606
FFDH,7750,2014.77,0.0384215
NFDH,7750,2587.53,0.0006435
SF,7750,2273.98,0.024826
FFDH,7760,2013.4,0.0378283
NFDH,7760,2576.28,0.0006514
SF,7760,2262.59,0.0233354
FFDH,7770,2007.52,0.0378482
NFDH,7770,2592.1,0.000666
SF,7770,2265.29,0.0250594
FFDH,7780,2047.9,0.0386567
NFDH,7780,2634.84,0.0006608
SF,7780,2304.5,0.0246993
FFDH,7790,1970.66,0.0381397
NFDH,7790,2549.91,0.0007927
SF,7790,2213.84,0.0243894
FFDH,7800,1992.64,0.0372726
NFDH,7800,2562.57,0.0006793
SF,7800,2222.16,0.0237454
FFDH,7810,2018.61,0.0386257
NFDH,7810,2603.43,0.0006667
SF,7810,2287.73,0.0245744
FFDH,7820,2036.41,0.0391856
NFDH,7820,2607.26,0.0006576
SF,7820,2280.56,0.0258615
FFDH,7830,2052.46,0.0397061
NFDH,7830,2645.77,0.0006474
SF,7830,2293.57,0.0251237
FFDH,7840,2058.17,0.0387544
NFDH,7840,2643.49,0.000668
SF,7840,2326.47,0.0250676
FFDH,7850,2079.34,0.0393692
NFDH,7850,2661.42,0.000665
SF,7850,2349.92,0.0253049
FFDH,7860,2013.73,0.0387634
NFDH,7860,2591.49,0.0007078
SF,7860,2247.86,0.0241012
FFDH,7870,2037.49,0.0403344
NFDH,7870,2616.75,0.0006657
SF,7870,2282.97,0.0257044
FFDH,7880,2050.01,0.0393221
NFDH,7880,2635.25,0.0006838
SF,7880,2302.43,0.0249426
FFDH,7890,2053.92,0.0396213
NFDH,7890,2637.62,0.0006591
SF,7890,2323.29,0.025415
FFDH,7900,2033.05,0.039208
NFDH,7900,2638.98,0.0006951
SF,7900,2292.81,0.0253931
FFDH,7910,2058.74,0.0394934
NFDH,7910,2645.98,0.0008427
SF,7910,2311.95,0.0282422
FFDH,7920,2072.01,0.0390411
NFDH,7920,2663.07,0.0006805
SF,7920,2336.98,0.0257277
FFDH,7930,2061.26,0.039395
NFDH,7930,2648.11,0.0006732
SF,7930,2327.48,0.0256425
FFDH,7940,2052.05,0.0397857
NFDH,7940,2646.56,0.0007123
SF,7940,2299.67,0.0250971
FFDH,7950,2047.51,0.0394745
NFDH,7950,2621.41,0.0006824
SF,7950,2297.72,0.0258095
FFDH,7960,2013.11,0.0403212
NFDH,7960,2595.59,0.0006743
SF,7960,2279.32,0.0254556
FFDH,7970,2056.17,0.0398884
NFDH,7970,2642.51,0.0006862
SF,7970,2304.39,0.0255444
FFDH,7980,2069.88,0.0398764
NFDH,7980,2662.91,0.0006639
SF,7980,2324.02,0.0246594
FFDH,7990,2045.76,0.0397287
NFDH,7990,2635.64,0.0007005
SF,7990,2308.9,0.025406
FFDH,8000,2041.65,0.039096
NFDH,8000,2638.75,0.000677
SF,8000,2304.63,0.0253576
FFDH,8010,2055.2,0.0399905
NFDH,8010,2656.96,0.0010956
SF,8010,2318.97,0.0249425
FFDH,8020,2059.11,0.0415474
NFDH,8020,2665.09,0.0007168
SF,8020,2334.92,0.0258715
FFDH,8030,2122.55,0.0409214
NFDH,8030,2721.59,0.0006729
SF,8030,2389.1,0.0268864
FFDH,8040,2024.07,0.0401857
NFDH,8040,2616.57,0.0006974
SF,8040,2275.54,0.0256995
FFDH,8050,2079.32,0.0406819
NFDH,8050,2676.08,0.0006881
SF,8050,2341.15,0.0260324
FFDH,8060,2070.2,0.0408961
NFDH,8060,2668.24,0.0006627
SF,8060,2335.35,0.0277052
FFDH,8070,2072.06,0.0411809
NFDH,8070,2681.71,0.0006901
SF,8070,2339.16,0.0262543
FFDH,8080,2070.3,0.0409917
NFDH,8080,2666.92,0.0006982
SF,8080,2336,0.0265627
FFDH,8090,2084.05,0.0411595
NFDH,8090,2655.31,0.0006921
SF,8090,2334.3,0.0268123
FFDH,8100,2065.02,0.0409013
NFDH,8100,2659.02,0.0008715
SF,8100,2323.88,0.0265414
FFDH,8110,2128.17,0.0419324
NFDH,8110,2703.59,0.000712
SF,8110,2400.91,0.0273346
FFDH,8120,2110.78,0.0432205
NFDH,8120,2721.25,0.000769
SF,8120,2380.75,0.0279133
FFDH,8130,2101.96,0.0419065
NFDH,8130,2694.83,0.0006862
SF,8130,2359.37,0.0268015
FFDH,8140,2109.19,0.0414736
NFDH,8140,2724.64,0.000689
SF,8140,2376.62,0.0264269
FFDH,8150,2129.79,0.0422689
NFDH,8150,2732.16,0.0006964
SF,8150,2413.56,0.0270138
FFDH,8160,2098.6,0.0419397
NFDH,8160,2699.77,0.0008878
SF,8160,2351.33,0.0267926
FFDH,8170,2108.9,0.0420313
NFDH,8170,2703.9,0.0007023
SF,8170,2373.21,0.0264576
FFDH,8180,2140.25,0.0428989
NFDH,8180,2750.35,0.0006685
SF,8180,2402.17,0.0273457
FFDH,8190,2101.87,0.0429544
NFDH,8190,2698.7,0.0007808
SF,8190,2357.21,0.0265919
FFDH,8200,2139.36,0.0427041
NFDH,8200,2754.58,0.0007872
SF,8200,2395.37,0.0274484
FFDH,8210,2161.89,0.0427077
NFDH,8210,2770.11,0.000791
SF,8210,2424.02,0.0274229
FFDH,8220,2166.13,0.0419791
NFDH,8220,2783.01,0.0007956
SF,8220,2413.97,0.0276711
FFDH,8230,2130.62,0.0428441
NFDH,8230,2731.65,0.0008025
SF,8230,2414.87,0.0271537
FFDH,8240,2124.7,0.0432802
NFDH,8240,2732.17,0.0007942
SF,8240,2393.65,0.027436
FFDH,8250,2126.43,0.0426718
NFDH,8250,2747.13,0.0007823
SF,8250,2412.63,0.027902
FFDH,8260,2142.02,0.04316
NFDH,8260,2770.06,0.0008133
SF,8260,2419.17,0.0280796
FFDH,8270,2150.67,0.046719
NFDH,8270,2767.32,0.0010067
SF,8270,2427.41,0.0284338
FFDH,8280,2150.09,0.0426353
NFDH,8280,2756.58,0.0008212
SF,8280,2405.11,0.0275207
FFDH,8290,2145.78,0.0435086
NFDH,8290,2757.51,0.0007691
SF,8290,2422.89,0.0278629
FFDH,8300,2120.9,0.0423924
NFDH,8300,2733.18,0.0008919
SF,8300,2390.13,0.0272938
FFDH,8310,2142.63,0.0434278
NFDH,8310,2746.38,0.0008742
SF,8310,2400.59,0.0275969
FFDH,8320,2169.67,0.043916
NFDH,8320,2784.1,0.0008148
SF,8320,2437.63,0.0288215
FFDH,8330,2155.26,0.0431748
NFDH,8330,2765.26,0.0007751
SF,8330,2422.58,0.0285473
FFDH,8340,2151,0.0440133
NFDH,8340,2782.84,0.0007484
SF,8340,2412.61,0.0281847
FFDH,8350,2181.81,0.0430324
NFDH,8350,2814.44,0.0008139
SF,8350,2454.04,0.0276287
FFDH,8360,2183,0.04401
NFDH,8360,2820.01,0.0008019
SF,8360,2445.48,0.0282938
FFDH,8370,2173.62,0.0442235
NFDH,8370,2793.19,0.0007737
SF,8370,2457.07,0.0288332
FFDH,8380,2186.47,0.0452843
NFDH,8380,2816.36,0.0008579
SF,8380,2465.6,0.0281737
FFDH,8390,2195.95,0.0457603
NFDH,8390,2827.36,0.0008327
SF,8390,2461.82,0.0284375
FFDH,8400,2160.85,0.0446834
NFDH,8400,2782.34,0.0008226
SF,8400,2441.2,0.0285887
FFDH,8410,2221.9,0.0460867
NFDH,8410,2862.74,0.0007608
SF,8410,2506.49,0.0295218
FFDH,8420,2142.57,0.0446394
NFDH,8420,2754.4,0.0009266
SF,8420,2431.77,0.0282278
FFDH,8430,2198.1,0.045192
NFDH,8430,2822.62,0.0008465
SF,8430,2468.35,0.0291749
FFDH,8440,2204.12,0.0448995
NFDH,8440,2829.69,0.0008166
SF,8440,2484.83,0.0293817
FFDH,8450,2174.08,0.0458253
NFDH,8450,2794.24,0.0008015
SF,8450,2447.62,0.0286691
FFDH,8460,2222.03,0.0450303
NFDH,8460,2863.82,0.0009214
SF,8460,2497.14,0.0296755
FFDH,8470,2168.2,0.0449273
NFDH,8470,2797.88,0.0008376
SF,8470,2457.62,0.0287972
FFDH,8480,2176.53,0.0447376
NFDH,8480,2796.22,0.0008261
SF,8480,2450.03,0.0287086
FFDH,8490,2202.18,0.0451941
NFDH,8490,2839.06,0.0009016
SF,8490,2478.99,0.02888
FFDH,8500,2205.63,0.0454206
NFDH,8500,2841.83,0.0008251
SF,8500,2467.25,0.0290745
FFDH,8510,2200.93,0.0462174
NFDH,8510,2835.54,0.0008667
SF,8510,2481.06,0.0290579
FFDH,8520,2190.06,0.045738
NFDH,8520,2829.07,0.0008463
SF,8520,2453.58,0.0290621
FFDH,8530,2220.6,0.0469313
NFDH,8530,2856.57,0.0008553
SF,8530,2496.21,0.0297257
FFDH,8540,2188.87,0.0448475
NFDH,8540,2807.51,0.0011845
SF,8540,2469.63,0.0288223
FFDH,8550,2185.78,0.0449182
NFDH,8550,2813.65,0.0008213
SF,8550,2449.7,0.0291342
FFDH,8560,2195.59,0.0465518
NFDH,8560,2846.68,0.0008432
SF,8560,2476.77,0.0300944
FFDH,8570,2153.56,0.0464399
NFDH,8570,2795.06,0.0008593
SF,8570,2425.26,0.0290989
FFDH,8580,2258.6,0.0471866
NFDH,8580,2919.62,0.0008022
SF,8580,2550.82,0.0299207
FFDH,8590,2196.79,0.0456906
NFDH,8590,2829.48,0.0008298
SF,8590,2463.65,0.0293265
FFDH,8600,2236.7,0.0462698
NFDH,8600,2862.59,0.0008287
SF,8600,2505.05,0.0297416
FFDH,8610,2229.34,0.0469846
NFDH,8610,2866.9,0.0008067
SF,8610,2502.56,0.0295358
FFDH,8620,2235.06,0.0464698
NFDH,8620,2881.62,0.0008374
SF,8620,2512.58,0.0302743
FFDH,8630,2199.85,0.0460681
NFDH,8630,2834.15,0.0007628
SF,8630,2481.25,0.0299038
FFDH,8640,2189.01,0.0467366
NFDH,8640,2818.84,0.000783
SF,8640,2450.01,0.0297218
FFDH,8650,2228.73,0.0471433
NFDH,8650,2859.55,0.0007998
SF,8650,2516.24,0.0296519
FFDH,8660,2243.91,0.0472819
NFDH,8660,2874.57,0.0008219
SF,8660,2527.21,0.0301892
FFDH,8670,2234.14,0.0478441
NFDH,8670,2871.45,0.0007851
SF,8670,2516.79,0.030299
FFDH,8680,2231.8,0.0480936
NFDH,8680,2872.49,0.0008257
SF,8680,2509.18,0.0305402
FFDH,8690,2269.06,0.0482276
NFDH,8690,2920.45,0.000845
SF,8690,2558.45,0.0309323
FFDH,8700,2230.75,0.0490303
NFDH,8700,2893.93,0.0007685
SF,8700,2522.53,0.0301704
FFDH,8710,2277.55,0.0482558
NFDH,8710,2916.96,0.0010754
SF,8710,2573.14,0.0306006
FFDH,8720,2284.79,0.0477891
NFDH,8720,2954.61,0.0007762
SF,8720,2586.59,0.031147
FFDH,8730,2234.74,0.0478367
NFDH,8730,2874.56,0.0008279
SF,8730,2506.96,0.0297033
FFDH,8740,2261.93,0.0477147
NFDH,8740,2923.03,0.0008565
SF,8740,2541.54,0.0308413
FFDH,8750,2273.02,0.0475197
NFDH,8750,2932.69,0.0009027
SF,8750,2557.23,0.0306251
FFDH,8760,2278.34,0.0489156
NFDH,8760,2944.01,0.0008296
SF,8760,2586.84,0.0309783
FFDH,8770,2245.73,0.0476952
NFDH,8770,2897,0.0009044
SF,8770,2504.77,0.030187
FFDH,8780,2257.54,0.0489574
NFDH,8780,2917.32,0.0008422
SF,8780,2529.7,0.0304251
FFDH,8790,2237.75,0.0487589
NFDH,8790,2890.85,0.0008158
SF,8790,2527.74,0.0307064
FFDH,8800,2228.7,0.0487179
NFDH,8800,2889.93,0.0007753
SF,8800,2510.03,0.0309521
FFDH,8810,2247.64,0.0493176
NFDH,8810,2886.17,0.0008303
SF,8810,2532.24,0.0315497
FFDH,8820,2309.32,0.0495179
NFDH,8820,2963.36,0.0008551
SF,8820,2607.11,0.0324192
FFDH,8830,2309.41,0.0515115
NFDH,8830,2969.35,0.0008612
SF,8830,2612.58,0.0315133
FFDH,8840,2315.39,0.0501696
NFDH,8840,2976.14,0.0008847
SF,8840,2616.4,0.0315581
FFDH,8850,2298.81,0.0524218
NFDH,8850,2968.02,0.0007905
SF,8850,2589.83,0.0316997
FFDH,8860,2321.1,0.0525872
NFDH,8860,2983.6,0.0014969
SF,8860,2632.74,0.0330526
FFDH,8870,2312.57,0.0520585
NFDH,8870,2984.59,0.0009259
SF,8870,2619.2,0.0318791
FFDH,8880,2271.22,0.0534573
NFDH,8880,2914.18,0.0009814
SF,8880,2559.53,0.0318886
FFDH,8890,2259.64,0.0538577
NFDH,8890,2905.85,0.000864
SF,8890,2536.78,0.0315689
FFDH,8900,2289.8,0.0501731
NFDH,8900,2945.48,0.0008645
SF,8900,2568.08,0.0313336
FFDH,8910,2316.7,0.0504848
NFDH,8910,2996.74,0.0009404
SF,8910,2610.75,0.0323709
FFDH,8920,2287.79,0.0500951
NFDH,8920,2938.3,0.0009132
SF,8920,2584.11,0.0321496
FFDH,8930,2319.02,0.0516561
NFDH,8930,2995.2,0.0008033
SF,8930,2604.32,0.0326268
FFDH,8940,2323.3,0.0513076
NFDH,8940,2985.74,0.0008548
SF,8940,2614.67,0.0328244
FFDH,8950,2288.98,0.0497087
NFDH,8950,2952.55,0.0008522
SF,8950,2581.87,0.0318133
FFDH,8960,2330.74,0.0502952
NFDH,8960,3006.07,0.0007907
SF,8960,2645.97,0.0325157
FFDH,8970,2316.19,0.0505969
NFDH,8970,2998.9,0.000854
SF,8970,2605.95,0.0323887
FFDH,8980,2300.44,0.052667
NFDH,8980,2949.63,0.0008819
SF,8980,2580.75,0.0314302
FFDH,8990,2308.77,0.0505997
NFDH,8990,2972.57,0.0008444
SF,8990,2608.73,0.0329578
FFDH,9000,2323.38,0.0509007
NFDH,9000,2995.86,0.0008569
SF,9000,2616.16,0.0316746
FFDH,9010,2279.89,0.0506794
NFDH,9010,2945.21,0.0008663
SF,9010,2576.82,0.0327038
FFDH,9020,2348.27,0.0510417
NFDH,9020,3004.55,0.0008297
SF,9020,2641.34,0.0323918
FFDH,9030,2357.4,0.0517142
NFDH,9030,3058.97,0.0008668
SF,9030,2665.81,0.0331634
FFDH,9040,2349.84,0.0513561
NFDH,9040,3048.16,0.0007847
SF,9040,2649.56,0.031948
FFDH,9050,2305.44,0.0516181
NFDH,9050,2964.39,0.0009753
SF,9050,2589.6,0.0323943
FFDH,9060,2348.88,0.0518636
NFDH,9060,3013.67,0.0008711
SF,9060,2641.23,0.0332567
FFDH,9070,2384.53,0.053827
NFDH,9070,3064.21,0.0009304
SF,9070,2683.49,0.0364206
FFDH,9080,2335.31,0.0541891
NFDH,9080,3004.17,0.0013515
SF,9080,2637.29,0.0361112
FFDH,9090,2336.45,0.0544402
NFDH,9090,3017.69,0.0015193
SF,9090,2642.11,0.0351963
FFDH,9100,2313.53,0.0542934
NFDH,9100,2965.47,0.0008939
SF,9100,2600.96,0.0365921
FFDH,9110,2361.28,0.0543863
NFDH,9110,3020.85,0.0013912
SF,9110,2651.26,0.0460815
FFDH,9120,2394.27,0.0564752
NFDH,9120,3100,0.0009053
SF,9120,2687.68,0.0348872
FFDH,9130,2351.16,0.0536761
NFDH,9130,3036.59,0.000854
SF,9130,2651.55,0.0347697
FFDH,9140,2388.6,0.0550043
NFDH,9140,3086.57,0.0016354
SF,9140,2698.51,0.0358064
FFDH,9150,2387.27,0.053279
NFDH,9150,3077.61,0.0008303
SF,9150,2708.82,0.0347161
FFDH,9160,2362.74,0.0538632
NFDH,9160,3055.28,0.0008233
SF,9160,2677.15,0.0334658
FFDH,9170,2388.49,0.0538248
NFDH,9170,3075.3,0.0009009
SF,9170,2694.73,0.0362302
FFDH,9180,2394.32,0.061697
NFDH,9180,3091.68,0.0008079
SF,9180,2695.21,0.0339406
FFDH,9190,2391.52,0.0546702
NFDH,9190,3091.79,0.0008751
SF,9190,2697.34,0.0346522
FFDH,9200,2380.22,0.0540597
NFDH,9200,3070.16,0.0008916
SF,9200,2671.9,0.0355264
FFDH,9210,2438.74,0.0537796
NFDH,9210,3132.66,0.0008716
SF,9210,2750.84,0.0355331
FFDH,9220,2342.54,0.0534626
NFDH,9220,3025.29,0.0009252
SF,9220,2626.59,0.0333973
FFDH,9230,2394.39,0.0540063
NFDH,9230,3093.52,0.0011134
SF,9230,2685.91,0.0367254
FFDH,9240,2383.66,0.0547549
NFDH,9240,3050.56,0.0011636
SF,9240,2699.21,0.0371081
FFDH,9250,2400.15,0.0556125
NFDH,9250,3098.75,0.0015008
SF,9250,2719.6,0.0361542
FFDH,9260,2433.48,0.0542116
NFDH,9260,3138.45,0.0008502
SF,9260,2728.4,0.0364667
FFDH,9270,2411.06,0.0539646
NFDH,9270,3086.27,0.000897
SF,9270,2704.17,0.0348604
FFDH,9280,2386.01,0.0543125
NFDH,9280,3073.78,0.0009062
SF,9280,2692.73,0.0343138
FFDH,9290,2394.04,0.0543796
NFDH,9290,3079.61,0.0009041
SF,9290,2721.12,0.0348369
FFDH,9300,2393.16,0.0548182
NFDH,9300,3083.77,0.0009088
SF,9300,2683.33,0.035135
FFDH,9310,2324.66,0.0561344
NFDH,9310,3005.43,0.0016306
SF,9310,2624.77,0.0361484
FFDH,9320,2438.35,0.0549551
NFDH,9320,3142.95,0.0009585
SF,9320,2753.25,0.0385685
FFDH,9330,2431.3,0.0559908
NFDH,9330,3117.99,0.0008564
SF,9330,2725.9,0.0382077
FFDH,9340,2426.15,0.0565923
NFDH,9340,3115.57,0.00136
SF,9340,2748.22,0.0369553
FFDH,9350,2386.05,0.0551123
NFDH,9350,3100.5,0.000911
SF,9350,2689.54,0.0353296
FFDH,9360,2436.96,0.0562268
NFDH,9360,3132.28,0.0009269
SF,9360,2753.27,0.035747
FFDH,9370,2391.6,0.0547614
NFDH,9370,3076.39,0.0008431
SF,9370,2674.65,0.0348214
FFDH,9380,2359.63,0.054443
NFDH,9380,3055.76,0.0009398
SF,9380,2660.96,0.0352577
FFDH,9390,2447.38,0.0554853
NFDH,9390,3156.74,0.0009635
SF,9390,2769.76,0.0383514
FFDH,9400,2434.74,0.0589203
NFDH,9400,3133.11,0.000927
SF,9400,2764.37,0.0359079
FFDH,9410,2430.27,0.0568026
NFDH,9410,3125.74,0.0009308
SF,9410,2739.39,0.0349928
FFDH,9420,2437.85,0.0577109
NFDH,9420,3150.76,0.0008795
SF,9420,2748.18,0.034255
FFDH,9430,2424.98,0.0564229
NFDH,9430,3148.84,0.0009541
SF,9430,2731.34,0.03808
FFDH,9440,2441.77,0.0559147
NFDH,9440,3134.2,0.0009395
SF,9440,2749.77,0.0364765
FFDH,9450,2498.45,0.0561511
NFDH,9450,3207.63,0.0009483
SF,9450,2826.34,0.0360551
FFDH,9460,2420.94,0.0555291
NFDH,9460,3121.89,0.0009568
SF,9460,2735.05,0.0348634
FFDH,9470,2453.08,0.056744
NFDH,9470,3165.75,0.000871
SF,9470,2770.23,0.0359086
FFDH,9480,2460.22,0.0569136
NFDH,9480,3169.73,0.0009115
SF,9480,2778.3,0.0368769
FFDH,9490,2461.48,0.0560753
NFDH,9490,3160.39,0.0009685
SF,9490,2769.4,0.0362231
FFDH,9500,2508.42,0.0573799
NFDH,9500,3219.11,0.0009367
SF,9500,2835.08,0.0366219
FFDH,9510,2467.26,0.056439
NFDH,9510,3166.18,0.0010569
SF,9510,2779.79,0.035659
FFDH,9520,2455.65,0.0571472
NFDH,9520,3159.58,0.0009642
SF,9520,2768.75,0.0370378
FFDH,9530,2464.24,0.0563765
NFDH,9530,3165.9,0.0009007
SF,9530,2786.38,0.0363096
FFDH,9540,2457.85,0.0585126
NFDH,9540,3172,0.0010193
SF,9540,2762.04,0.0367278
FFDH,9550,2471.8,0.0579501
NFDH,9550,3195.04,0.0009542
SF,9550,2804.38,0.036948
FFDH,9560,2490.24,0.0568903
NFDH,9560,3194.69,0.000973
SF,9560,2815.58,0.0362772
FFDH,9570,2449.13,0.0583612
NFDH,9570,3181.84,0.0011702
SF,9570,2753.52,0.0361799
FFDH,9580,2444.38,0.0560298
NFDH,9580,3158.23,0.0009777
SF,9580,2750.83,0.0359518
FFDH,9590,2441.29,0.0566423
NFDH,9590,3159.66,0.0010828
SF,9590,2760.77,0.0358891
FFDH,9600,2466.62,0.057327
NFDH,9600,3184,0.0009614
SF,9600,2780.1,0.0364061
FFDH,9610,2493.72,0.0580539
NFDH,9610,3209.81,0.0009085
SF,9610,2814.41,0.0370086
FFDH,9620,2444.61,0.0591248
NFDH,9620,3168.73,0.0009927
SF,9620,2749.84,0.0376474
FFDH,9630,2487.59,0.0597807
NFDH,9630,3204.57,0.0009368
SF,9630,2793.22,0.0368812
FFDH,9640,2497.87,0.0585258
NFDH,9640,3235.81,0.0009587
SF,9640,2820.16,0.0372838
FFDH,9650,2462.05,0.0583601
NFDH,9650,3179.73,0.000955
SF,9650,2775.07,0.0360481
FFDH,9660,2484.4,0.0585839
NFDH,9660,3192.41,0.0012446
SF,9660,2812.85,0.037816
FFDH,9670,2486.77,0.0590735
NFDH,9670,3193.83,0.0009703
SF,9670,2797.35,0.0373297
FFDH,9680,2471.39,0.058682
NFDH,9680,3182.81,0.0015422
SF,9680,2789.22,0.0379716
FFDH,9690,2531.48,0.0581625
NFDH,9690,3245.1,0.0011243
SF,9690,2847.72,0.0376484
FFDH,9700,2513.11,0.0590951
NFDH,9700,3241.83,0.0010192
SF,9700,2818.36,0.0371028
FFDH,9710,2511.3,0.0597646
NFDH,9710,3233.97,0.0012411
SF,9710,2830.84,0.0380039
FFDH,9720,2521.37,0.0600548
NFDH,9720,3254.18,0.0010198
SF,9720,2852.84,0.0378385
FFDH,9730,2524.4,0.0601348
NFDH,9730,3265,0.0009927
SF,9730,2853.07,0.0388726
FFDH,9740,2518.11,0.0598025
NFDH,9740,3256.24,0.0009426
SF,9740,2835.31,0.037097
FFDH,9750,2504.2,0.0597992
NFDH,9750,3211.39,0.0009761
SF,9750,2804.99,0.036642
FFDH,9760,2556.93,0.0601613
NFDH,9760,3289.38,0.0009558
SF,9760,2878.85,0.0381286
FFDH,9770,2542.52,0.0587747
NFDH,9770,3284.57,0.0009413
SF,9770,2876.33,0.0379988
FFDH,9780,2526.46,0.0603872
NFDH,9780,3257.52,0.000989
SF,9780,2856.52,0.03885
FFDH,9790,2526.76,0.0618475
NFDH,9790,3253.6,0.0010411
SF,9790,2856.07,0.037351
FFDH,9800,2549.34,0.0596724
NFDH,9800,3271.82,0.0009196
SF,9800,2867.68,0.0388505
FFDH,9810,2551.82,0.0612582
NFDH,9810,3297.52,0.0009923
SF,9810,2882.16,0.0388183
FFDH,9820,2491.94,0.0600401
NFDH,9820,3220.35,0.0009365
SF,9820,2816.87,0.0379082
FFDH,9830,2569.94,0.0605954
NFDH,9830,3289.86,0.0009747
SF,9830,2884.6,0.0390547
FFDH,9840,2521.4,0.0613827
NFDH,9840,3267.6,0.0009611
SF,9840,2850.23,0.0388761
FFDH,9850,2527.49,0.0609672
NFDH,9850,3275.31,0.0009507
SF,9850,2860.03,0.0378782
FFDH,9860,2570.74,0.0613576
NFDH,9860,3320.52,0.0009535
SF,9860,2881.65,0.0386646
FFDH,9870,2535.87,0.061139
NFDH,9870,3284.87,0.0009969
SF,9870,2871.31,0.039188
FFDH,9880,2542.78,0.0628162
NFDH,9880,3287.4,0.0009341
SF,9880,2891.21,0.039081
FFDH,9890,2557,0.0625119
NFDH,9890,3288.84,0.0010241
SF,9890,2895.21,0.0394501
FFDH,9900,2528.76,0.0614069
NFDH,9900,3259.16,0.000983
SF,9900,2845.42,0.0391749
FFDH,9910,2542.08,0.0612001
NFDH,9910,3290.94,0.0009517
SF,9910,2858.69,0.0385216
FFDH,9920,2561.26,0.0616169
NFDH,9920,3306.1,0.0009717
SF,9920,2890.56,0.0389324
FFDH,9930,2564.4,0.0642168
NFDH,9930,3310.93,0.0009918
SF,9930,2894.36,0.0385554
FFDH,9940,2604.12,0.0629777
NFDH,9940,3343.51,0.0010724
SF,9940,2935,0.0397362
FFDH,9950,2584.45,0.0621389
NFDH,9950,3327.91,0.0009876
SF,9950,2922.64,0.0388858
FFDH,9960,2611.28,0.0626028
NFDH,9960,3371.53,0.0010156
SF,9960,2955.11,0.0402241
FFDH,9970,2566.14,0.0611785
NFDH,9970,3308.53,0.0009966
SF,9970,2887.7,0.03837
FFDH,9980,2583.15,0.0633878
NFDH,9980,3344.34,0.0009479
SF,9980,2907.24,0.0395275
FFDH,9990,2554.09,0.0623679
NFDH,9990,3300.75,0.0009863
SF,9990,2868.49,0.0392289
FFDH,10000,2551.33,0.0632053
NFDH,10000,3286.52,0.0009635
SF,10000,2879.73,0.0395547
